NumberofTrades,QBS,Category,StDev,SqrtNumRows,SdoverSqrtNum,TimesZ,UpperBound,LowerBound
5,0.4402812302754734,1,0.27431478638110507,9.539392014169456,0.028756003105192465,0.05636176608617723,0.4966429963616506,0.3839194641892962
10,0.44489274835073583,1,0.28506876889383675,9.1104335791443,0.031290362463804046,0.06132911042905593,0.5062218587797918,0.3835636379216799
15,0.44442036666723533,1,0.28998241631611016,8.717797887081348,0.03326326442435958,0.06519599827174478,0.5096163649389801,0.37922436839549056
20,0.4751729450996342,1,0.24382024644298153,8.246211251235321,0.029567547933780632,0.05795239395021004,0.5331253390498443,0.41722055114942413
25,0.47163824495023665,1,0.24969655195014434,8.12403840463596,0.030735520871941677,0.060241620909005686,0.5318798658592423,0.41139662404123095
30,0.4623061676733051,1,0.2507869927136739,8,0.031348374089209236,0.0614428132148501,0.5237489808881552,0.400863354458455
35,0.46708683893492714,1,0.2621597878563861,7.745966692414834,0.03384468308043509,0.06633557883765277,0.5334224177725799,0.40075126009727435
40,0.46735923708073185,1,0.2601682621890914,7.615773105863909,0.034161766451362624,0.06695706224467074,0.5343162993254026,0.4004021748360611
45,0.4549542273467761,1,0.25275424683854736,7.54983443527075,0.033478117832326106,0.06561711095135916,0.5205713382981353,0.3893371163954169
50,0.4468641646829648,1,0.24845814459195828,7.483314773547883,0.03320161614345174,0.06507516764116542,0.5119393323241302,0.38178899704179936
55,0.4422233795655455,1,0.2540765366771157,7.483314773547883,0.033952405366566796,0.06654671451847091,0.5087700940840164,0.37567666504707464
60,0.4413972872159394,1,0.25060056767492067,7.3484692283495345,0.03410241778085332,0.06684073885047251,0.5082380260664119,0.3745565483654669
65,0.43421924932505435,1,0.24391206629137296,7.280109889280518,0.033503898979673014,0.06566764200015911,0.49988689132521347,0.3685516073248952
70,0.4300164456618776,1,0.24485411354121708,7.14142842854285,0.03428643386840993,0.06720141038208347,0.49721785604396107,0.3628150352797941
75,0.42171738868388486,1,0.24590343827860145,7.0710678118654755,0.03477599774477735,0.0681609555797636,0.48987834426364846,0.35355643310412127
80,0.4305828032537596,1,0.2466147247636579,6.782329983125268,0.03636135743575527,0.07126826057408032,0.50185106382784,0.35931454267967927
85,0.4302957163053324,1,0.253881482412886,6.6332495807108,0.038274073562852555,0.075017184183191,0.5053129004885234,0.35527853212214144
90,0.41975129859042015,1,0.2666644007561187,6.324555320336759,0.0421633438636631,0.08264015397277967,0.5023914525631998,0.33711114461764047
95,0.4100262035906455,1,0.2689431424184216,6.082762530298219,0.044213980256308995,0.08665940130236563,0.49668560489301117,0.32336680228827985
100,0.4119754027399301,1,0.2675726806398361,5.916079783099616,0.04522803789837441,0.08864695428081384,0.500622357020744,0.32332844845911624
105,0.41042528137002376,1,0.27076720669744964,5.916079783099616,0.04576801135626105,0.08970530225827167,0.5001305836282954,0.3207199791117521
110,0.3924532266800677,1,0.25378487317892856,5.744562646538029,0.04417827584000193,0.08658942064640379,0.4790426473264715,0.3058638060336639
115,0.38004489931618174,1,0.2553827949814885,5.656854249492381,0.04514572653244608,0.0884856240035943,0.46853052331977607,0.2915592753125874
120,0.377568110117132,1,0.26080628862590977,5.5677643628300215,0.046842192239138755,0.09181069678871195,0.46937880690584394,0.28575741332842003
125,0.3807018729890861,1,0.2665779242360986,5.385164807134504,0.049502277791558844,0.09702446447145534,0.47772633746054144,0.28367740851763074
130,0.37709428433152603,1,0.2668290985454522,5.385164807134504,0.04954891968987565,0.09711588259215628,0.47421016692368234,0.2799784017393697
135,0.3761963181192289,1,0.265139702784019,5.291502622129181,0.05010669401829244,0.09820912027585317,0.47440543839508204,0.2779871978433757
140,0.3707223382322812,1,0.26704281667868796,5.196152422706632,0.05139241403153212,0.10072913150180296,0.47145146973408414,0.2699932067304782
145,0.3674916006449751,1,0.2688834555278203,5.196152422706632,0.05174664514320793,0.10142342448068754,0.46891502512566263,0.2660681761642876
150,0.3739559895309169,1,0.2707385509854307,5,0.05414771019708614,0.10612951198628884,0.48008550151720575,0.26782647754462807
155,0.3708755034392171,1,0.2740843304295485,4.898979485566356,0.05594722967039786,0.10965657015397981,0.48053207359319694,0.26121893328523726
160,0.36318001118188686,1,0.27146432920613645,4.898979485566356,0.05541242416016227,0.10860835135391804,0.4717883625358049,0.2545716598279688
165,0.34661334636416813,1,0.26142949785707176,4.69041575982343,0.05573695621961522,0.10924443419044583,0.45585778055461396,0.2373689121737223
170,0.3416376015169523,1,0.26160497437980995,4.69041575982343,0.055774367939966596,0.10931776116233452,0.4509553626792868,0.2323198403546178
175,0.3502153445764012,1,0.26488710709827257,4.58257569495584,0.0578031056617004,0.11329408709693278,0.46350943167333397,0.2369212574794684
180,0.3465111488436109,1,0.26244228058231883,4.58257569495584,0.05726960077739597,0.1122484175236961,0.45875956636730697,0.2342627313199148
185,0.3369251604216428,1,0.26954614726589743,4.47213595499958,0.06027235083597157,0.11813380763850428,0.45505896806014706,0.2187913527831385
190,0.33369522710115346,1,0.27119732110538114,4.47213595499958,0.06064156453074706,0.11885746648026424,0.4525526935814177,0.21483776062088922
195,0.331837104970421,1,0.27842362661465725,4.358898943540674,0.06387476062670486,0.1251945308283415,0.4570316357987625,0.2066425741420795
200,0.34216287782156773,1,0.27868509332048236,4.242640687119285,0.06568670643417297,0.12874594461097902,0.4709088224325467,0.21341693321058872
205,0.3427975011490693,1,0.28667447113702604,4.123105625617661,0.0695287720391788,0.13627639319679044,0.4790738943458598,0.20652110795227888
210,0.3622334520821981,1,0.29652167688693254,3.872983346207417,0.07656156775817242,0.15006067280601795,0.512294124888216,0.21217277927618014
215,0.3580642467199856,1,0.291162899242773,3.872983346207417,0.07517793732004853,0.14734875714729512,0.5054130038672807,0.21071548957269048
220,0.35698542010617274,1,0.2893497105483665,3.872983346207417,0.07470977401225067,0.1464311570640113,0.5034165771701841,0.21055426304216143
225,0.3684980906067366,1,0.30698787383860077,3.605551275463989,0.08514311692851886,0.16688050917989697,0.5353785997866336,0.20161758142683964
230,0.36730182904339004,1,0.30784812477476087,3.605551275463989,0.08538170761006433,0.16734814691572608,0.5346499759591161,0.19995368212766396
235,0.36633955849708805,1,0.30826955825229085,3.605551275463989,0.08549859222640523,0.16757724076375424,0.5339167992608422,0.1987623177333338
240,0.36405522248201044,1,0.3087262444281668,3.605551275463989,0.08562525418209109,0.16782549819689854,0.531880720678909,0.1962297242851119
245,0.29178742313178613,1,0.1933803054708941,3.4641016151377544,0.05582408570979639,0.10941520799120093,0.40120263112298704,0.18237221514058521
250,0.27597058353866644,1,0.19384487381585813,3.3166247903554,0.05844642854372631,0.11455499994570356,0.39052558348437,0.16141558359296287
255,0.27119531307693695,1,0.19471112711560343,3.3166247903554,0.05870761374087744,0.11506692293211979,0.38626223600905674,0.15612839014481716
260,0.28192271432133104,1,0.2002313090288755,3.1622776601683795,0.06331869954082842,0.1241046511000237,0.40602736542135476,0.15781806322130734
265,0.28029288463773533,1,0.1980975234606503,3.1622776601683795,0.06264393729742958,0.12278211710296197,0.4030750017406973,0.15751076753477336
270,0.2778918985635059,1,0.1980885487022741,3.1622776601683795,0.06264109922963773,0.12277655449008995,0.40066845305359583,0.15511534407341593
275,0.28886267235950774,1,0.2044691637234491,3,0.06815638790781636,0.13358652029932006,0.4224491926588278,0.1552761520601877
280,0.2869170844139426,1,0.2024095465173581,3,0.06746984883911937,0.13224090372467395,0.41915798813861654,0.15467618068926864
285,0.2839239685687034,1,0.19979492977987476,3,0.06659830992662492,0.13053268745618485,0.41445665602488824,0.15339128111251854
290,0.28265084711198807,1,0.19981138846139437,3,0.06660379615379812,0.1305434404614443,0.41319428757343235,0.15210740665054376
295,0.28125956935083285,1,0.1999266369939162,3,0.06664221233130539,0.13061873616935857,0.41187830552019145,0.15064083318147428
300,0.2791334049195969,1,0.19828727084725628,3,0.06609575694908543,0.12954768362020744,0.40868108853980434,0.14958572129938943
305,0.2755903885704444,1,0.19397762575253025,3,0.06465920858417674,0.12673204882498643,0.40232243739543083,0.14885833974545795
310,0.27227471296295636,1,0.18912100005118515,3,0.06304033335039505,0.1235590533667743,0.39583376632973066,0.14871565959618205
315,0.27065992856738635,1,0.18701906666339388,3,0.06233968888779796,0.122185790220084,0.3928457187874703,0.14847413834730236
320,0.26940255467723434,1,0.18616168948668976,3,0.062053896495563254,0.12162563713130398,0.3910281918085383,0.14777691754593036
325,0.2920673336404161,1,0.18265064479207307,2.8284271247461903,0.06457675476028511,0.12657043933015882,0.4186377729705749,0.16549689431025727
330,0.2892154765216615,1,0.1819330946624097,2.8284271247461903,0.06432306247902199,0.1260732024588831,0.4152886789805446,0.16314227406277843
335,0.28104254499947984,1,0.1693700246027175,2.8284271247461903,0.05988134646315696,0.11736743906778764,0.39840998406726746,0.1636751059316922
340,0.2776199934130528,1,0.1642557479346985,2.8284271247461903,0.058073176606746775,0.11382342614922368,0.3914434195622765,0.16379656726382913
345,0.23759364560240998,1,0.13491602648429815,2.6457513110645907,0.050993464850636695,0.09994719110724792,0.3375408367096579,0.13764645449516205
350,0.23734003798164868,1,0.13446193784775368,2.6457513110645907,0.050821835478425684,0.09961079753771433,0.336950835519363,0.13772924044393436
355,0.23615106678101552,1,0.1333154747809287,2.6457513110645907,0.050388513169548635,0.09876148581231532,0.33491255259333086,0.1373895809687002
360,0.2357477724745658,1,0.1335076977830731,2.6457513110645907,0.05046116663525439,0.0989038866050986,0.33465165907966443,0.1368438858694672
365,0.23505620686668052,1,0.1332609801341968,2.6457513110645907,0.05036791612911479,0.09872111561306499,0.3337773224797455,0.13633509125361554
370,0.23997972405233847,1,0.1414419588328297,2.449489742783178,0.05774343789336282,0.11317713827099113,0.3531568623233296,0.12680258578134734
375,0.27332328713843473,1,0.12421546950229224,2.23606797749979,0.05555084673283548,0.10887965959635754,0.38220294673479227,0.1644436275420772
380,0.2721496753156388,1,0.12209053820537463,2.23606797749979,0.05460054856735057,0.10701707519200711,0.37916675050764587,0.16513260012363168
385,0.27146467716537553,1,0.12106556548091876,2.23606797749979,0.054142166829957275,0.10611864698671626,0.3775833241520918,0.1653460301786593
390,0.2713046207894323,1,0.1208766810491071,2.23606797749979,0.054057695144072805,0.1059530824823827,0.37725770327181496,0.1653515383070496
395,0.27189030858740554,1,0.12047790380944579,2.23606797749979,0.053879356540920326,0.10560353882020383,0.3774938474076094,0.1662867697672017
400,0.2722457930628182,1,0.12001603554750791,2.23606797749979,0.05367280277485177,0.10519869343870947,0.3774444865015277,0.16704709962410874
405,0.266000565004318,1,0.11995894198576312,2.23606797749979,0.05364726975782399,0.10514864872533501,0.37114921372965304,0.160851916278983
410,0.27134706985855217,1,0.12787581187073635,2,0.06393790593536818,0.1253182956333216,0.3966653654918738,0.14602877422523056
415,0.2714138037460465,1,0.127872192483424,2,0.063936096241712,0.1253147486337555,0.396728552379802,0.14609905511229102
420,0.27029314040005925,1,0.12603889264208737,2,0.06301944632104368,0.12351811478924563,0.3938112551893049,0.14677502561081363
425,0.2655793885330765,1,0.11800981883804189,2,0.059004909419020944,0.11564962246128105,0.3812290109943576,0.14992976607179545
430,0.2633104175193144,1,0.11493723896486122,2,0.05746861948243061,0.11263849418556399,0.3759489117048784,0.1506719233337504
435,0.25997528959968874,1,0.11600654202449114,2,0.05800327101224557,0.11368641118400132,0.37366170078369004,0.14628887841568744
440,0.27514092974870547,1,0.13076171331847913,1.7320508075688772,0.0754953103841206,0.14797080835287638,0.42311173810158187,0.1271701213958291
445,0.2755850088702647,1,0.13037966974813267,1.7320508075688772,0.0752747374259389,0.14753848535484024,0.423123494225105,0.12804652351542448
450,0.2752141219700895,1,0.12943529331862963,1.7320508075688772,0.07472950144014899,0.14646982282269203,0.4216839447927815,0.12874429914739746
455,0.2726977214725462,1,0.1255502272036396,1.7320508075688772,0.07248645747284,0.14207345664676638,0.4147711781193125,0.1306242648257798
460,0.2712618647028846,1,0.12320680152237797,1.7320508075688772,0.07113348002493772,0.13942162084887794,0.41068348555176254,0.13184024385400667
465,0.2682874635364271,1,0.11897585166345608,1.7320508075688772,0.06869073998496135,0.13463385037052425,0.4029213139069513,0.13365361316590282
470,0.26643181347269107,1,0.11543498589612969,1.7320508075688772,0.06664642018103113,0.13062698355482102,0.3970587970275121,0.13580482991787005
475,0.2657417140166363,1,0.1143008132720982,1.7320508075688772,0.06599160531123906,0.12934354641002854,0.39508526042666486,0.13639816760660778
480,0.2644519382710017,1,0.1125738536498931,1.7320508075688772,0.06499454470847932,0.12738930762861947,0.3918412458996212,0.13706263064238225
485,0.26339028876926457,1,0.11149812551700317,1.7320508075688772,0.06437347278138046,0.1261720066515057,0.38956229542077025,0.13721828211775886
490,0.2584839527737452,1,0.10521197784168951,1.7320508075688772,0.06074416372887238,0.11905856090858986,0.37754251368233505,0.13942539186515535
495,0.18758291321791726,1,0.04257663126776047,1.4142135623730951,0.030106224689512618,0.05900820039144473,0.24659111360936198,0.12857471282647254
500,0.18524683486999877,1,0.04024097606216373,1.4142135623730951,0.028454667055121504,0.05577114742803815,0.24101798229803692,0.1294756874419606
505,0.18421153443112023,1,0.03919915647254338,1.4142135623730951,0.027717989358527966,0.054327259142714815,0.23853879357383506,0.1298842752884054
510,0.18162239689512802,1,0.03660850619686942,1.4142135623730951,0.025886122980916113,0.05073680104259558,0.23235919793772358,0.13088559585253245
515,0.17733389553464612,1,0.03231773558735286,1.4142135623730951,0.022852089986411018,0.0447900963733656,0.22212399190801171,0.13254379916128053
5,0.23175812037640403,2,0.25577828826442583,14.594519519326424,0.01752563953377964,0.0343502534862081,0.2661083738626121,0.19740786689019593
10,0.2184962228684889,2,0.2549800907701797,13.527749258468683,0.01884867067672446,0.03694339452637994,0.25543961739486887,0.18155282834210898
15,0.21376630820803075,2,0.25077660894796494,13.19090595827292,0.019011325661880393,0.03726219829728557,0.25102850650531633,0.17650410991074517
20,0.20755042139553273,2,0.24691136880420797,13,0.018993182215708306,0.03722663714278828,0.24477705853832102,0.17032378425274444
25,0.2060666312535448,2,0.2503870967668679,12.68857754044952,0.019733267654996525,0.03867720460379319,0.244743835857338,0.1673894266497516
30,0.19984670286378647,2,0.24852881168088273,12.449899597988733,0.019962314533125414,0.03912613648492581,0.23897283934871227,0.16072056637886067
35,0.1947408574261953,2,0.2380883778330421,12.206555615733702,0.019504959902542602,0.0382297214089835,0.2329705788351788,0.15651113601721178
40,0.19114074224696684,2,0.2413636799149247,11.916375287812984,0.02025479007544938,0.039699388547880785,0.2308401307948476,0.15144135369908607
45,0.19435503901960124,2,0.24361525577157486,11.661903789690601,0.020889835841977747,0.040944078250276385,0.23529911726987762,0.15341096076932487
50,0.19466666996621776,2,0.24269846845894696,11.532562594670797,0.021044626158898808,0.041247467271441664,0.23591413723765942,0.1534192026947761
55,0.18623553814823682,2,0.23746157650017374,11.313708498984761,0.02098883637681512,0.04113811929855764,0.22737365744679444,0.1450974188496792
60,0.17576149179013215,2,0.22632734849035044,11.224972160321824,0.020162842745425708,0.03951917178103439,0.21528066357116654,0.13624232000909775
65,0.1720056813694437,2,0.22322884075197488,11.090536506409418,0.02012786672880676,0.03945061878846125,0.21145630015790495,0.13255506258098243
70,0.16832901462903457,2,0.21895113759093265,11.045361017187261,0.019822904588653212,0.038852892993760296,0.20718190762279487,0.12947612163527428
75,0.16040468242846603,2,0.21606950346256956,10.723805294763608,0.020148585089294326,0.039491226775016874,0.1998959092034829,0.12091345565344916
80,0.16284917106468197,2,0.21784668143341945,10.344080432788601,0.021060033595919306,0.04127766584800184,0.2041268369126838,0.12157150521668013
85,0.16914139373288284,2,0.2174432974248734,9.9498743710662,0.021853873658665382,0.04283359237098415,0.211974986103867,0.12630780136189868
90,0.1889197446958979,2,0.22679299295919048,8.831760866327848,0.025679249743260836,0.05033132949679124,0.23925107419268915,0.13858841519910664
95,0.22449733361363944,2,0.24165576966867836,7.810249675906654,0.030940850766160138,0.06064406750167387,0.28514140111531333,0.16385326611196557
100,0.22931184510920413,2,0.24128269053078472,7.3484692283495345,0.03283441530923806,0.0643554540061066,0.29366729911531075,0.16495639110309754
105,0.25058400795454483,2,0.24932210995564644,6.6332495807108,0.037586722302845994,0.07366997571357815,0.32425398366812297,0.1769140322409667
110,0.2507488475278134,2,0.27108024774542966,6.082762530298219,0.044565318207834,0.08734802368735464,0.33809687121516807,0.16340082384045876
115,0.23321190088669974,2,0.2393227172296845,5.830951894845301,0.04104350739735162,0.08044527449880917,0.3136571753855089,0.15276662638789057
120,0.22633035273290403,2,0.2409778548207166,5.656854249492381,0.042599268814879014,0.08349456687716286,0.30982491961006686,0.14283578585574117
125,0.22636319548570782,2,0.24370914566165225,5.5677643628300215,0.04377145471324834,0.08579205123796674,0.31215524672367456,0.1405711442477411
130,0.24432186510281095,2,0.25207590830655235,5.196152422706632,0.04851203117233581,0.09508358109777819,0.33940544620058916,0.14923828400503275
135,0.24864993497563403,2,0.25833122049374463,5,0.051666244098748926,0.10126583843354789,0.3499157734091819,0.14738409654208615
140,0.24540251555648276,2,0.2644366698138552,4.898979485566356,0.05397790919373171,0.10579670201971415,0.35119921757619693,0.1396058135367686
145,0.2520157798367137,2,0.2748639441005071,4.69041575982343,0.058601189782556566,0.11485833197381087,0.36687411181052454,0.13715744786290282
150,0.24773038929128058,2,0.27115699619245864,4.69041575982343,0.057810865833067715,0.11330929703281271,0.3610396863240933,0.13442109225846788
155,0.2742746852637722,2,0.27180073769605256,4.358898943540674,0.062355365705099954,0.12221651678199591,0.3964912020457681,0.15205816848177628
160,0.28102189765173596,2,0.2720077899464326,4.242640687119285,0.06411285093556283,0.12566118783370314,0.4066830854854391,0.15536070981803282
165,0.29775868718427456,2,0.2770683301560246,4,0.06926708253900615,0.13576348177645206,0.4335221689607266,0.1619952054078225
170,0.3010213779282052,2,0.2812058871780774,3.872983346207417,0.07260704785974503,0.14230981380510027,0.4433311917333055,0.15871156412310494
175,0.3135034619029889,2,0.30023180528914,3.4641016151377544,0.08666945680148615,0.16987213533091283,0.4833755972339017,0.14363132657207606
180,0.3084502957363742,2,0.2980799990618892,3.4641016151377544,0.08604828384921256,0.16865463634445663,0.4771049320808308,0.1397956593919176
185,0.30472279546410636,2,0.2959685937377144,3.4641016151377544,0.0854387736330722,0.1674599963208215,0.47218279178492784,0.13726279914328485
190,0.2988514013268015,2,0.30576833436240874,3.3166247903554,0.09219262162291307,0.18069753838090963,0.4795489397077111,0.11815386294589186
195,0.22097682504383775,2,0.1962037673247218,3.1622776601683795,0.06204507902518423,0.1216083548893611,0.34258517993319887,0.09936847015447665
200,0.21736331084190477,2,0.19092702979077558,3.1622776601683795,0.06037642810296722,0.11833779908181576,0.33570110992372054,0.09902551176008902
205,0.22919868084849992,2,0.19662551221816785,3,0.06554183740605594,0.12846200131586966,0.3576606821643696,0.10073667953263027
210,0.22710780000921366,2,0.1957966534035278,3,0.06526555113450927,0.12792048022363817,0.3550282802328518,0.09918731978557549
215,0.23236432011765898,2,0.20595107909009397,2.8284271247461903,0.0728147023086462,0.14271681652494655,0.37508113664260556,0.08964750359271242
220,0.24724928193889006,2,0.2085845489982365,2.6457513110645907,0.0788375491399858,0.15452159631437215,0.4017708782532622,0.09272768562451791
225,0.21844371031582657,2,0.21494942194762953,2.449489742783178,0.08775273404631533,0.17199535873077804,0.39043906904660464,0.046448351585048536
230,0.215536839523544,2,0.21425615430851827,2.449489742783178,0.08746970871781423,0.1714406290869159,0.3869774686104599,0.04409621043662809
235,0.21242204515995222,2,0.21427225961209617,2.449489742783178,0.08747628368046731,0.17145351601371592,0.38387556117366817,0.040968529146236304
240,0.20823781667226285,2,0.21649295680213151,2.449489742783178,0.08838287951193714,0.1732304438433968,0.38146826051565963,0.03500737282886604
245,0.24647651841901067,2,0.21529885769705723,2.23606797749979,0.09628457625773475,0.1887177694651601,0.4351942878841708,0.05775874895385055
250,0.24589630403093551,2,0.21481690003543938,2.23606797749979,0.09606903823900388,0.18829531494844762,0.43419161897938313,0.0576009890824879
255,0.24527146077616768,2,0.21456182281567596,2.23606797749979,0.09595496423842335,0.18807172990730978,0.4333431906834775,0.057199730868857906
260,0.24369019739876457,2,0.21447012783863154,2.23606797749979,0.09591395699805003,0.18799135571617806,0.4316815531149426,0.055698841682586514
265,0.24190114086597064,2,0.21428204597748787,2.23606797749979,0.09582984423267965,0.18782649469605212,0.42972763556202276,0.05407464616991853
270,0.23960379643688623,2,0.21327155878605056,2.23606797749979,0.09537794062259031,0.186940763620277,0.42654456005716324,0.05266303281660922
275,0.23885552454848166,2,0.21309175163535213,2.23606797749979,0.09529752842022986,0.1867831557036505,0.42563868025213214,0.05207236884483116
280,0.23377164875946083,2,0.21133673132574024,2.23606797749979,0.09451265947739287,0.18524481257569003,0.41901646133515086,0.048526836183770794
285,0.2331108148970938,2,0.21069056171077122,2.23606797749979,0.09422368364057976,0.18467841993553633,0.4177892348326301,0.04843239496155746
290,0.22636765810688714,2,0.20918406238329532,2.23606797749979,0.09354995665972099,0.18335791505305313,0.4097255731599403,0.04300974305383401
295,0.22614525991040887,2,0.20928074336796934,2.23606797749979,0.09359319371049354,0.18344265967256734,0.40958791958297625,0.04270260023784153
300,0.24417120739082193,2,0.2263219725770526,2,0.1131609862885263,0.22179553312551156,0.46596674051633347,0.02237567426531037
305,0.24366258614774564,2,0.22580717617155338,2,0.11290358808577669,0.2212910326481223,0.46495361879586794,0.02237155349962333
310,0.11579405749534744,2,0.0754316767642237,1.7320508075688772,0.043550498885249395,0.08535897781508882,0.20115303531043627,0.030435079680258617
315,0.11164268521047972,2,0.07063920205621183,1.7320508075688772,0.04078356232249426,0.07993578215208876,0.19157846736256848,0.03170690305839097
320,0.1075172438681926,2,0.0650762205958362,1.7320508075688772,0.037571773478849504,0.07364067601854503,0.18115791988673763,0.03387656784964757
325,0.10416666832242495,2,0.06171068003069109,1.7320508075688772,0.035628677727594364,0.06983220834608496,0.1739988766685099,0.03433445997633999
330,0.1164295143562613,2,0.05595180325101905,1.4142135623730951,0.03956389949841108,0.07754524301688571,0.193974757373147,0.03888427133937558
5,0.3512823428012679,3,0.2494332404303561,8.426149773176359,0.02960227946866041,0.058020467758574404,0.4093028105598423,0.2932618750426935
10,0.3366478349490288,3,0.2553220779024696,7.937253933193772,0.03216755820734259,0.06304841408639149,0.3996962490354203,0.2735994208626373
15,0.3350741633651816,3,0.2513552784249767,7.745966692414834,0.032449826910708766,0.06360166074498919,0.3986758241101708,0.2714725026201924
20,0.2950187758256642,3,0.22002102389255354,7.681145747868608,0.028644297493457375,0.056142823087176455,0.35116159891284066,0.23887595273848777
25,0.2917546050632644,3,0.21848337766838755,7.615773105863909,0.028688272960779533,0.05622901500312789,0.3479836200663923,0.2355255900601365
30,0.29487134458700603,3,0.21680865567192373,7.54983443527075,0.02871700797292366,0.056285335626930375,0.3511566802139364,0.23858600896007565
35,0.3089120615352959,3,0.23467866854259398,7.14142842854285,0.03286158657064049,0.06440870967845536,0.37332077121375123,0.24450335185684052
40,0.30688740542765813,3,0.23283529845561005,7.0710678118654755,0.03292788368751111,0.06453865202752178,0.3714260574551799,0.24234875340013634
45,0.3016014943712497,3,0.23359732309249095,7,0.03337104615607014,0.06540725046589747,0.3670087448371472,0.23619424390535226
50,0.30017428734346524,3,0.2321078386438987,6.928203230275509,0.033501880780519286,0.0656636863298178,0.365837973673283,0.23451060101364746
55,0.2970419754913482,3,0.21968810797466526,6.855654600401044,0.03204480400191309,0.06280781584374966,0.35984979133509787,0.23423415964759853
60,0.29167648929001283,3,0.21530038108252036,6.782329983125268,0.03174430934770161,0.06221884632149515,0.353895335611508,0.22945764296851767
65,0.2829810412067222,3,0.21366424330320571,6.708203932499369,0.03185118482580148,0.0624283222585709,0.3454093634652931,0.2205527189481513
70,0.2852032931117829,3,0.21468914589821844,6.557438524302,0.03273978781540629,0.06416998411819633,0.34937327722997924,0.22103330899358656
75,0.28064460518192796,3,0.21609719173063308,6.48074069840786,0.033344520601437146,0.06535526037881681,0.3459998655607448,0.21528934480311115
80,0.2740154833682577,3,0.21576102404088218,6.48074069840786,0.03329264880075957,0.06525359164948875,0.33926907501774645,0.20876189171876897
85,0.26106653692754483,3,0.20981221173241577,6.324555320336759,0.03317422349959681,0.06502147805920974,0.32608801498675455,0.1960450588683351
90,0.26475949862636255,3,0.21369624423993555,6.244997998398398,0.034218785065221864,0.06706881872783485,0.3318283173541974,0.1976906798985277
95,0.266862534754514,3,0.22254781089470801,6.082762530298219,0.03658663473811416,0.07170980408670376,0.33857233884121773,0.19515273066781025
100,0.2679239129446425,3,0.22233852224043213,6.082762530298219,0.036552227895296704,0.07164236667478154,0.33956627961942404,0.196281546269861
105,0.26567554788885184,3,0.22144839440058248,6,0.03690806573343041,0.0723398088375236,0.33801535672637545,0.19333573905132823
110,0.2608209020041615,3,0.22244787257675006,5.916079783099616,0.03760055319270944,0.0736970842577105,0.334517986261872,0.18712381774645104
115,0.2653726854382425,3,0.2229584754300006,5.830951894845301,0.03823706308177592,0.0749446436402808,0.3403173290785233,0.1904280417979617
120,0.2671658247791098,3,0.2269003295247145,5.656854249492381,0.040110690415096954,0.07861695321359002,0.3457827779926998,0.18854887156551975
125,0.2504679243836932,3,0.22837131049342488,5.291502622129181,0.04315812101053697,0.08458991718065245,0.33505784156434565,0.16587800720304074
130,0.25689942355429335,3,0.22863481736417132,5.196152422706632,0.04400079111710841,0.08624155058953248,0.3431409741438258,0.17065787296476087
135,0.2772604980345928,3,0.23155393196491703,4.898979485566356,0.04726574843743152,0.09264086693736577,0.3699013649719586,0.184619631097227
140,0.2810657577400588,3,0.24375298447202753,4.47213595499958,0.05450482429979042,0.10682945562758922,0.38789521336764804,0.1742363021124696
145,0.2776932884490001,3,0.238840139967572,4.47213595499958,0.05340627887230554,0.10467630658971885,0.3823695950387189,0.17301698185928124
150,0.26172963016069,3,0.22321820071209775,4.47213595499958,0.04991310706074425,0.09782968983905872,0.3595593199997487,0.1638999403216313
155,0.24753486077759543,3,0.2217654180752848,4.358898943540674,0.0508764761348534,0.09971789322431267,0.3472527540019081,0.14781696755328277
160,0.24781283666002782,3,0.23097326955277772,4.242640687119285,0.05444092172453249,0.10670420658008369,0.3545170432401115,0.14110863007994412
165,0.24518174778965307,3,0.22975999512950157,4.242640687119285,0.05415495020048623,0.10614370239295301,0.3513254501826061,0.13903804539670006
170,0.24969365141431,3,0.23410833348598878,4.123105625617661,0.05677961098823857,0.11128803753694759,0.3609816889512576,0.1384056138773624
175,0.2530009217728584,3,0.23908367279264722,4,0.059770918198161806,0.11715099966839713,0.3701519214412555,0.13584992210446123
180,0.2590228088441477,3,0.2532120646975033,3.7416573867739413,0.06767377087826389,0.1326405909213972,0.3916633997655449,0.12638221792275048
185,0.2553859802548721,3,0.2536620714104598,3.7416573867739413,0.06779404023123757,0.13287631885322562,0.38826229910809773,0.12250966140164646
190,0.253199352348952,3,0.25702026487455576,3.7416573867739413,0.06869155518703404,0.1346354481665867,0.38783480051553876,0.11856390418236532
195,0.25199360006313304,3,0.27909134337852326,3.4641016151377544,0.08056673111404235,0.157910792983523,0.40990439304665605,0.09408280707961003
200,0.24940234765718008,3,0.27980063934497335,3.4641016151377544,0.08077148722262488,0.15831211495634476,0.40771446261352484,0.09109023270083533
205,0.2506267809291343,3,0.2927976746007898,3.3166247903554,0.08828182055812665,0.17303236829392823,0.4236591492230626,0.07759441263520608
210,0.2175566703942306,3,0.29053231746929153,3.1622776601683795,0.0918743857090088,0.18007379598965725,0.3976304663838879,0.037482874404573346
215,0.22868175931341442,3,0.3044604777200551,3,0.10148682590668502,0.19891417877710263,0.42759593809051705,0.02976758053631179
220,0.25453795211775376,3,0.3135690127772662,2.8284271247461903,0.11086338765238803,0.21729223979868054,0.47183019191643427,0.037245712319073226
225,0.25315187948689966,3,0.31059612911812295,2.8284271247461903,0.10981231455485861,0.21523213652752288,0.46838401601442253,0.03791974295937678
230,0.252074655380954,3,0.30976001357527116,2.8284271247461903,0.10951670306975562,0.21465273801672102,0.46672739339767505,0.037421917364233004
235,0.24115774732341258,3,0.2886585425217828,2.8284271247461903,0.10205620643228899,0.20003016460728643,0.441187911930699,0.041127582716126154
240,0.26507169320388496,3,0.30160067784150646,2.6457513110645907,0.1139943412595907,0.22342890886879777,0.48850060207268275,0.041642784335087196
245,0.26267479939155636,3,0.2996850121984858,2.6457513110645907,0.11327028770436452,0.22200976390055446,0.48468456329211085,0.040665035491001894
250,0.242441331743644,3,0.2706012287872569,2.6457513110645907,0.10227765083422488,0.20046419563508078,0.4429055273787248,0.04197713610856321
255,0.295844075351877,3,0.29247636813970657,2.23606797749979,0.1307994081945275,0.2563668400612739,0.5522109154131509,0.0394772352906031
260,0.2820962500388083,3,0.27267369810137637,2.23606797749979,0.12194338492618657,0.23900903445532568,0.521105284494134,0.04308721558348261
5,0.36410937166060625,4,0.2533798628746437,8.426149773176359,0.030070657381530082,0.05893848846779896,0.42304786012840523,0.3051708831928073
10,0.3443299480447048,4,0.2708036825094014,8.366600265340756,0.032367230884834446,0.06343977253427552,0.4077697205789803,0.2808901755104293
15,0.3421686439282883,4,0.2784486666528179,7.937253933193772,0.03508123451718477,0.06875921965368215,0.4109278635819704,0.2734094242746061
20,0.3446042315814089,4,0.2723720619666239,7.810249675906654,0.034873668995095926,0.06835239123038801,0.4129566228117969,0.2762518403510209
25,0.35047669609667714,4,0.2693789377123396,7.615773105863909,0.035371187398548706,0.06932752730115546,0.41980422339783263,0.28114916879552165
30,0.3666959409383002,4,0.2692221758236673,7.416198487095663,0.03630191078247426,0.07115174513364955,0.4378476860719498,0.29554419580465063
35,0.35346981849070436,4,0.2536033007877681,7.416198487095663,0.034195862102267494,0.06702388972044429,0.4204937082111486,0.2864459287702601
40,0.34786356285375925,4,0.26360678039980867,7.3484692283495345,0.03587233915096828,0.07030978473589783,0.4181733475896571,0.2775537781178614
45,0.3412327274739503,4,0.24377265430277842,7.280109889280518,0.03348474927029846,0.06563010856978498,0.40686283604373524,0.2756026189041653
50,0.34290755792944994,4,0.2382951341138773,7.0710678118654755,0.033700021051136085,0.06605204126022672,0.40895959918967667,0.2768555166692232
55,0.33706144940206334,4,0.236026863249016,7,0.033718123321288,0.06608752170972447,0.4031489711117878,0.27097392769233886
60,0.3396354393865833,4,0.2350168763497043,6.855654600401044,0.03428073467061136,0.06719023995439827,0.40682567934098157,0.27244519943218504
65,0.33265411398801864,4,0.22652573266227488,6.782329983125268,0.03339939714314708,0.06546281840056828,0.3981169323885869,0.26719129558745036
70,0.3067749739069992,4,0.2154608284619782,6.708203932499369,0.03211900392862698,0.06295324770010888,0.36972822160710805,0.24382172620689033
75,0.30491548862344225,4,0.21279156004336103,6.557438524302,0.03245040868545716,0.06360280102349604,0.3685182896469383,0.24131268759994623
80,0.2908867357013688,4,0.19865078877528997,6.48074069840786,0.030652482180639165,0.06007886507405276,0.35096560077542155,0.23080787062731606
85,0.2806369420162864,4,0.19890961208128263,6.082762530298219,0.032700538791464326,0.06409305603127008,0.3447299980475565,0.21654388598501634
90,0.28714555298538086,4,0.19673159189457484,5.830951894845301,0.03373918966275304,0.06612881173899596,0.3532743647243768,0.2210167412463849
95,0.28187092213006965,4,0.1970350910100415,5.830951894845301,0.03379123933164758,0.06623082909002925,0.3481017512200989,0.2156400930400404
100,0.28658299566878137,4,0.20552229999428434,5.477225575051661,0.037523066592404467,0.07354521052111275,0.3601282061898941,0.21303778514766863
105,0.27204524826467824,4,0.1928080001610604,5.196152422706632,0.03710591693163388,0.0727275971860024,0.34477284545068065,0.19931765107867583
110,0.25226394004628466,4,0.1965912201168472,4.898979485566356,0.04012901476645394,0.07865286894224972,0.33091680898853437,0.17361107110403495
115,0.25259897834018696,4,0.20367256915543874,4.795831523312719,0.04246866641694535,0.08323858617721289,0.3358375645173999,0.16936039216297408
120,0.26034642675979286,4,0.20785175082078405,4.58257569495584,0.0453569705459687,0.08889966227009864,0.3492460890298915,0.1714467644896942
125,0.2631841236079498,4,0.21887115095760265,4.242640687119285,0.05158842501607512,0.10111331303150724,0.364297436639457,0.16207081057644257
130,0.2661238755289499,4,0.22205840287500409,4.123105625617661,0.05385707353585895,0.10555986413028355,0.37168373965923346,0.16056401139866633
135,0.23463408265912705,4,0.197087505616225,4,0.04927187640405625,0.09657287775195025,0.33120696041107733,0.1380612049071768
140,0.23363140742653987,4,0.19801466538860435,4,0.04950366634715109,0.09702718604041613,0.33065859346695603,0.13660422138612374
145,0.23486396966437834,4,0.2086751314673802,3.872983346207417,0.05387968726272045,0.10560418703493209,0.3404681566993104,0.12925978262944626
150,0.2627247510296019,4,0.2151804423665136,3.605551275463989,0.05968031680226835,0.11697342093244598,0.3796981719620479,0.14575133009715593
155,0.26164440215717133,4,0.2139476913015708,3.605551275463989,0.05933841317345803,0.11630328981997774,0.37794769197714906,0.1453411123371936
160,0.24631098710487312,4,0.19413743903366693,3.3166247903554,0.058534640275924525,0.11472789494081206,0.3610388820456852,0.13158309216406106
165,0.26912232675561476,4,0.1992572140989952,3,0.06641907136633173,0.13018137987801018,0.3993037066336249,0.13894094687760458
170,0.2612866919582715,4,0.20180364232992415,3,0.06726788077664138,0.1318450463222171,0.3931317382804886,0.12944164563605437
175,0.2582948001384305,4,0.22401641468112057,2.6457513110645907,0.08467024612036625,0.16595368239591785,0.4242484825343483,0.09234111774251264
180,0.259379458486543,4,0.2215867742202554,2.6457513110645907,0.08375192834397345,0.16415377955418797,0.42353323804073095,0.095225678932355
185,0.2600483077735229,4,0.21939871104035924,2.6457513110645907,0.0829249181972731,0.16253283966665527,0.42258114744017816,0.09751546810686762
190,0.29885909363283863,4,0.2129356709333862,2.449489742783178,0.0869306236373306,0.17038402232916797,0.46924311596200663,0.12847507130367067
195,0.21552436197208819,4,0.12074962530156258,2.23606797749979,0.054000874086384494,0.10584171320931361,0.3213660751814018,0.10968264876277457
200,0.21871701082518516,4,0.11641438986058632,2.23606797749979,0.05206209785748665,0.10204171180067384,0.320758722625859,0.11667529902451132
205,0.24008873191623617,4,0.12055706082349978,2,0.06027853041174989,0.11814591960702978,0.35823465152326595,0.1219428123092064
210,0.24009688337393187,4,0.12053610935248688,2,0.06026805467624344,0.11812538716543713,0.358222270539369,0.12197149620849473
215,0.23986316559274906,4,0.1202113662623097,2,0.06010568313115485,0.1178071389370635,0.3576703045298126,0.12205602665568556
220,0.23398517733831165,4,0.11267773968516613,2,0.056338869842583066,0.1104241848914628,0.3444093622297745,0.12356099244684884
225,0.18745822439764104,4,0.09089155047134086,1.7320508075688772,0.052476261131691106,0.10285347181811456,0.2903116962157556,0.08460475257952647
230,0.18748717574871632,4,0.09090981127519268,1.7320508075688772,0.052486804011710575,0.10287413586295273,0.29036131161166906,0.08461303988576359
235,0.18750496561209018,4,0.09091575305236131,1.7320508075688772,0.052490234498358344,0.10288085961678235,0.2903858252288725,0.08462410599530783
240,0.18758859256437013,4,0.09085321460817913,1.7320508075688772,0.05245412791077506,0.10281009070511912,0.29039868326948926,0.08477850185925101
245,0.18876337741828672,4,0.09163629851120389,1.7320508075688772,0.05290624161298447,0.10369623356144955,0.2924596109797363,0.08506714385683717
250,0.18904903911322765,4,0.09195616559215875,1.7320508075688772,0.05309091695827866,0.10405819723822617,0.2931072363514538,0.08499084187500149
255,0.1946833650700912,4,0.09924600817967132,1.7320508075688772,0.05729970953852904,0.11230743069551691,0.3069907957656081,0.0823759343745743
260,0.1979205855387285,4,0.10351492595539198,1.7320508075688772,0.05976437036548974,0.1171381659163599,0.3150587514550884,0.0807824196223686
265,0.19994296003404297,4,0.10652179447140474,1.7320508075688772,0.06150038671262752,0.12054075795674993,0.3204837179907929,0.07940220207729304
270,0.20199650100521907,4,0.1095434952491978,1.7320508075688772,0.06324496647009685,0.12396013428138983,0.3259566352866089,0.07803636672382924
275,0.20252246007368516,4,0.11004293885880978,1.7320508075688772,0.06353332037255136,0.12452530793020065,0.3270477680038858,0.0779971521434845
280,0.2029653793960545,4,0.1105297419054523,1.7320508075688772,0.06381437624257275,0.12507617743544258,0.32804155683149705,0.07788920196061191
285,0.20320317190910478,4,0.11052806556494911,1.7320508075688772,0.06381340840693198,0.12507428047758667,0.3282774523866915,0.0781288914315181
290,0.20342642328798624,4,0.11049816810488172,1.7320508075688772,0.06379614710031399,0.12504044831661543,0.32846687160460164,0.07838597497137081
295,0.2036292155621691,4,0.11082410639608564,1.7320508075688772,0.06398432766047978,0.12540928221454037,0.32903849777670946,0.07821993334762872
300,0.20393410464951525,4,0.11123961920908292,1.7320508075688772,0.06422422409491549,0.12587947922603435,0.3298135838755496,0.0780546254234809
305,0.20396680588858226,4,0.11138534365519005,1.7320508075688772,0.06430835814310296,0.1260443819604818,0.330011187849064,0.07792242392810048
310,0.20431095385778683,4,0.1119450571568083,1.7320508075688772,0.06463150888393132,0.1266777574125054,0.3309887112702922,0.07763319644528144
315,0.2056587712197816,4,0.11375007903949148,1.7320508075688772,0.06567363875379162,0.12872033195743157,0.3343791031772132,0.07693843926235003
320,0.2101832757091652,4,0.11999469634327559,1.7320508075688772,0.06927897023511756,0.1357867816608304,0.34597005736999564,0.07439649404833479
325,0.21125810481884646,4,0.12154257790759163,1.7320508075688772,0.07017264007294909,0.1375383745429802,0.3487964793618267,0.07371973027586626
330,0.2123765466461565,4,0.12354938681471458,1.7320508075688772,0.07133127173568866,0.13980929260194977,0.35218583924810626,0.07256725404420672
335,0.21078864553535617,4,0.12157540394763869,1.7320508075688772,0.0701915921960067,0.13757552070417312,0.34836416623952926,0.07321312483118306
340,0.2102632911337077,4,0.12190724796273254,1.7320508075688772,0.07038318242745009,0.13795103755780216,0.34821432869150987,0.07231225357590554
345,0.2083036538270097,4,0.11979050806999844,1.7320508075688772,0.06916108208057564,0.13555572087792825,0.34385937470493794,0.07274793294908144
350,0.2087789917222932,4,0.12112213603117912,1.7320508075688772,0.06992989784242373,0.1370625997711505,0.34584159149344373,0.07171639195114268
355,0.20901442269327675,4,0.12154732784021384,1.7320508075688772,0.07017538244782716,0.13754374959774124,0.346558172291018,0.07147067309553551
360,0.20807305758915348,4,0.12214503586505805,1.7320508075688772,0.07052046933686776,0.1382201199002608,0.3462931774894143,0.06985293768889267
365,0.20488294923328546,4,0.12500137612455753,1.7320508075688772,0.07216957815458695,0.14145237318299042,0.34633532241627585,0.06343057605029503
370,0.270568413447563,4,0.1004526840795593,1.4142135623730951,0.07103077410104633,0.1392203172380508,0.40978873068561383,0.13134809620951218
375,0.27008672684759716,4,0.10094112351361983,1.4142135623730951,0.07137615293706945,0.13989725975665612,0.4099839866042533,0.13018946709094104
380,0.2697806883974167,4,0.10126248300056713,1.4142135623730951,0.0716033884094885,0.14034264128259746,0.4101233296800142,0.12943804711481924
385,0.2691204887677622,4,0.10193837663611152,1.4142135623730951,0.07208131738254277,0.14127938206978383,0.41039987083754603,0.12784110669797835
390,0.26912132596521243,4,0.10194429009898798,1.4142135623730951,0.07208549883224301,0.1412875777111963,0.4104089036764087,0.12783374825401614
395,0.2681927192894643,4,0.1028891177670159,1.4142135623730951,0.07275359288335823,0.14259704205138213,0.41078976134084644,0.12559567723808218
400,0.2678579279938682,4,0.10324395532426912,1.4142135623730951,0.07300450092631165,0.14308882181557084,0.410946749809439,0.12476910617829737
405,0.2676616090582626,4,0.10344543684734864,1.4142135623730951,0.07314696987756497,0.14336806096002735,0.41102967001828994,0.12429354809823523
410,0.26600053042467875,4,0.10513091281473821,1.4142135623730951,0.07433878136363309,0.14570401147272086,0.4117045418973996,0.12029651895195789
415,0.2619533896613121,4,0.10919374020825821,1.4142135623730951,0.07721163416438155,0.15133480296218785,0.4132881926234999,0.11061858669912425
