id,comment_id,user_id,kind
1,36,8,1
2,39,8,1
3,19,8,1
4,1,8,1
5,2,4,1
6,44,8,1
7,44,45,1
8,50,8,1
9,46,8,1
10,3,8,1
11,59,176,1
12,73,85,1
13,48,8,1
14,43,8,1
15,78,45,1
16,87,4,1
17,23,372,1
18,95,85,1
19,6,491,1
20,17,8,1
21,89,656,1
22,109,342,1
23,39,698,1
24,6,754,1
25,90,8,1
26,129,796,1
27,134,796,1
28,139,796,1
29,144,85,1
30,144,909,1
31,109,45,1
32,49,45,1
33,146,796,1
34,126,796,1
35,124,796,1
36,124,45,1
37,144,45,1
38,157,172,1
39,129,968,1
40,144,59,1
41,165,796,1
42,160,796,1
43,169,796,1
44,170,796,1
45,114,796,1
46,121,30,1
47,23,1045,1
48,171,796,1
49,190,796,1
50,181,796,1
51,129,1099,1
52,188,8,1
53,183,8,1
54,149,796,1
55,47,796,1
56,207,8,1
57,141,796,1
58,226,796,1
59,256,85,1
60,256,8,1
61,182,1187,1
62,220,1187,1
63,23,1187,1
64,222,796,1
65,256,796,1
66,257,796,1
67,267,796,1
68,95,1272,1
69,201,1002,1
70,260,840,1
71,78,7,1
72,327,1349,1
73,311,7,1
74,309,7,1
75,293,7,1
76,158,7,1
77,144,7,1
78,228,7,1
79,317,8,1
80,310,4,1
81,362,7,1
83,310,1099,1
84,387,796,1
85,386,796,1
86,390,8,1
87,390,7,1
88,426,796,1
89,451,7,1
90,450,7,1
91,449,7,1
92,461,796,1
93,393,923,1
94,526,1568,1
95,421,796,1
96,559,796,1
97,572,796,1
98,573,796,1
99,506,796,1
100,507,796,1
101,592,796,1
102,603,1786,1
103,600,7,1
104,385,45,1
105,294,796,1
106,609,796,1
107,541,796,1
108,525,796,1
109,547,796,1
110,546,796,1
111,646,372,1
112,559,45,1
113,668,1470,1
114,676,45,1
115,615,1334,1
116,685,45,1
117,686,796,1
118,681,796,1
119,686,45,1
120,691,796,1
121,693,796,1
122,693,45,1
123,698,8,1
124,700,796,1
125,426,45,1
126,677,45,1
127,680,45,1
128,649,8,1
129,672,8,1
130,657,8,1
131,526,45,1
132,532,45,1
133,392,45,1
134,395,45,1
135,628,45,1
136,685,296,1
137,647,796,1
138,712,796,1
139,715,7,1
140,715,796,1
141,716,796,1
142,718,796,1
143,725,796,1
144,724,796,1
145,735,796,1
146,624,796,1
147,674,796,1
148,792,8,1
149,802,8,1
150,800,8,1
151,801,8,1
152,803,796,1
153,713,796,1
154,807,796,1
155,695,45,1
156,809,796,1
157,810,796,1
158,811,796,1
159,362,372,1
160,719,372,1
161,672,372,1
162,673,372,1
163,605,796,1
164,385,796,1
165,851,1568,1
166,852,1568,1
167,857,45,1
168,485,45,1
169,861,45,1
170,873,8,1
171,718,8,1
172,870,8,1
173,812,796,1
174,721,796,1
175,851,796,1
176,850,42,1
177,902,796,1
178,869,796,1
179,695,342,1
180,425,45,1
181,955,7,1
182,957,796,1
183,958,796,1
184,908,45,1
185,966,796,1
186,685,7,1
187,559,7,1
188,45,1953,1
189,984,796,1
190,49,2007,1
191,1009,796,1
192,1010,31,1
193,768,372,1
194,829,372,1
195,911,372,1
196,976,372,1
197,1002,45,1
198,370,796,1
199,371,796,1
200,1017,796,1
201,1018,796,1
202,1024,796,1
203,1028,176,1
204,1028,45,1
205,1015,796,1
206,222,2043,1
207,617,8,1
208,585,8,1
209,1045,45,1
210,56,2058,1
211,1016,2058,1
212,768,1968,1
213,828,303,1
214,1022,372,1
215,1025,372,1
216,1026,372,1
217,1064,176,1
218,1058,139,1
219,1056,139,1
220,1073,796,1
221,1079,7,1
222,1080,7,1
223,1102,7,1
224,1089,796,1
225,1110,796,1
226,1137,796,1
227,1137,59,1
228,993,42,1
229,1014,42,1
230,1011,42,1
231,148,2058,1
232,147,2058,1
233,146,2058,1
234,1160,2084,1
235,1161,2113,1
236,902,2058,1
237,1084,796,1
238,1157,796,1
239,990,796,1
240,989,796,1
241,57,288,1
242,815,2075,1
244,1037,796,1
245,1039,796,1
246,1036,796,1
247,1034,796,1
248,1050,796,1
249,1089,372,1
250,1224,59,1
251,1239,2075,1
252,902,2075,1
253,1167,2075,1
254,1240,45,1
255,1253,45,1
256,1254,372,1
257,1240,372,1
258,1255,372,1
259,1206,796,1
260,1254,796,1
261,1265,796,1
262,1170,796,1
263,1267,796,1
264,1261,2075,1
265,1021,372,1
266,1012,372,1
267,1261,288,1
268,1283,102,1
269,1160,2113,1
270,1308,372,1
271,1313,45,1
272,1314,796,1
273,1215,796,1
274,1323,796,1
275,1326,1968,1
276,692,1968,1
277,1263,1968,1
278,1337,7,1
279,1337,1397,1
280,284,20,1
281,1318,372,1
282,1328,372,1
283,1356,2150,1
284,1358,2150,1
285,1288,2182,1
286,1218,2182,1
289,543,372,1
291,545,372,1
299,1409,372,1
302,1414,796,1
303,1413,372,1
304,1404,372,1
305,1430,372,1
306,872,372,1
307,1405,296,1
308,1404,296,1
309,1433,372,1
311,284,372,1
287,1379,796,1
288,1343,796,1
290,544,372,1
292,1380,372,1
293,861,796,1
294,685,2075,1
295,1347,796,1
296,1391,796,1
297,682,372,1
300,1400,372,1
301,1406,372,1
310,1347,372,1
312,1433,1968,1
313,1214,2058,1
314,1448,372,1
315,1449,372,1
316,1449,2075,1
317,707,2075,1
318,910,2075,1
319,966,2075,1
320,1265,2062,1
321,1264,2062,1
322,1263,2062,1
323,1323,45,1
324,1463,45,1
325,1471,7,1
326,635,796,1
327,1286,821,1
328,1477,796,1
329,1474,372,1
330,1366,2150,1
331,828,2075,1
332,1071,2075,1
333,1103,2075,1
334,1487,2113,1
335,1502,45,1
336,1149,2182,1
337,1481,372,1
338,1500,372,1
339,1469,372,1
340,1355,796,1
341,1537,796,1
342,1502,796,1
343,1538,796,1
344,1543,796,1
345,1211,796,1
346,1217,796,1
347,1547,176,1
348,1547,796,1
349,1382,176,1
350,1564,45,1
351,1483,2150,1
352,1501,1968,1
353,806,2150,1
354,1149,1968,1
355,1106,2075,1
356,1198,2075,1
357,541,2075,1
358,57,2085,1
359,1549,2085,1
360,1621,372,1
361,1647,372,1
362,1654,372,1
363,1533,372,1
364,1550,372,1
365,1672,372,1
366,1671,372,1
367,1497,372,1
368,1435,372,1
369,1146,372,1
370,1384,372,1
371,1698,372,1
372,1697,372,1
373,1703,7,1
374,1703,372,1
375,1702,372,1
376,1699,372,1
377,1678,372,1
378,1677,372,1
379,1708,372,1
380,1704,372,1
381,1709,372,1
382,1704,296,1
383,1718,796,1
384,1717,796,1
385,1687,796,1
386,1718,2075,1
387,1578,796,1
388,1709,796,1
389,1708,796,1
390,1727,796,1
391,1737,372,1
392,1738,372,1
393,1736,372,1
394,1725,372,1
395,1730,372,1
396,1728,372,1
397,1730,296,1
398,1741,372,1
399,1742,372,1
400,1745,372,1
401,1713,372,1
402,1712,372,1
403,1710,372,1
404,1000,176,1
405,999,176,1
406,1731,45,1
407,1631,45,1
408,1580,45,1
409,1769,176,1
410,707,796,1
411,1756,796,1
412,1769,796,1
413,1760,796,1
414,1759,796,1
415,1781,796,1
416,1789,176,1
417,1769,372,1
418,1798,372,1
419,1798,176,1
420,1799,372,1
421,1791,372,1
422,1794,176,1
423,1790,372,1
424,1783,372,1
425,1798,218,1
426,1778,372,1
427,119,796,1
428,1803,218,1
429,1804,8,1
430,1807,176,1
431,1773,8,1
432,1769,8,1
433,1800,8,1
434,1798,8,1
435,1790,8,1
436,1803,372,1
440,1809,372,1
443,1798,296,1
444,1791,296,1
450,1815,372,1
456,1471,372,1
460,1786,372,1
461,632,372,1
463,1016,372,1
464,1521,2285,1
467,1884,372,1
472,1456,372,1
480,1108,372,1
481,1313,372,1
437,1804,372,1
441,1810,372,1
442,1802,796,1
445,1769,296,1
453,1542,372,1
455,1544,372,1
458,1478,372,1
465,828,372,1
466,1627,372,1
469,1224,2075,1
473,1429,372,1
479,1914,372,1
438,1805,372,1
447,1830,796,1
449,1813,372,1
454,1543,372,1
459,1613,372,1
462,635,372,1
470,1894,2075,1
471,628,2075,1
474,620,372,1
477,1834,372,1
482,201,2321,1
483,1049,796,1
439,1807,372,1
446,1823,796,1
448,1817,372,1
451,1819,372,1
452,1817,218,1
457,1171,372,1
468,1824,2075,1
476,1911,372,1
478,871,372,1
484,1617,796,1
485,1104,372,1
486,1962,2075,1
487,1677,796,1
488,1678,796,1
489,1974,796,1
490,1971,796,1
491,1975,796,1
492,1984,372,1
493,1935,2352,1
494,1236,796,1
495,1057,796,1
496,1545,2075,1
497,1996,176,1
498,2004,2359,1
499,1996,2075,1
500,2004,2075,1
501,1819,7,1
502,1811,7,1
503,1810,7,1
504,840,7,1
505,1858,2150,1
506,1990,2150,1
507,2021,796,1
508,1104,796,1
509,2026,796,1
510,2028,45,1
511,2031,796,1
512,2033,7,1
513,2021,7,1
514,2046,796,1
515,2053,796,1
516,2057,372,1
517,1800,7,1
518,1798,7,1
519,1305,7,1
520,1307,7,1
521,1308,7,1
522,2066,43,1
523,2089,372,1
524,2024,372,1
525,2053,2075,1
526,2090,2113,1
527,2136,2075,1
528,861,8,1
529,2149,8,1
530,2153,2859,1
531,2154,2075,1
532,2158,796,1
533,2045,372,1
534,2076,796,1
535,1556,796,1
536,1252,796,1
537,2172,45,1
538,2178,372,1
539,2174,796,1
540,2178,796,1
541,2179,796,1
542,2181,372,1
543,2179,372,1
544,49,372,1
545,2174,2075,1
546,2179,2075,1
547,2184,372,1
548,2186,372,1
549,2186,296,1
550,2188,372,1
551,2189,372,1
552,2192,372,1
553,2191,372,1
554,1531,796,1
555,2192,796,1
556,2194,796,1
557,2195,796,1
558,2191,796,1
559,2190,796,1
560,2194,372,1
561,2197,372,1
562,2196,372,1
563,2200,372,1
564,2203,372,1
565,2202,372,1
566,2201,372,1
567,2161,372,1
568,2200,2075,1
569,2205,372,1
570,2207,372,1
571,2208,2075,1
573,2077,372,1
574,2133,372,1
575,1353,372,1
576,2209,372,1
577,2090,372,1
578,2229,8,1
579,1497,8,1
580,1990,2285,1
581,2254,2285,1
582,2158,2075,1
584,2220,4443,1
585,2210,4443,1
586,2272,1573,1
589,2295,4769,1
590,2295,45,1
591,2296,45,1
592,2277,45,1
595,2294,372,1
596,2298,372,1
597,2299,372,1
598,2305,372,1
602,2277,372,1
603,2241,372,1
605,2169,372,1
606,2322,372,1
607,2321,372,1
608,2295,372,1
609,2296,372,1
610,2193,8,1
612,1934,796,1
613,1831,796,1
614,2344,796,1
615,2346,796,1
616,2340,372,1
617,2326,372,1
624,2359,372,1
630,2368,45,1
633,2203,20,1
635,2386,45,1
636,2066,372,1
640,2398,176,1
651,2310,372,1
660,2450,2075,1
664,2466,45,1
665,2468,372,1
666,1578,372,1
668,1498,372,1
669,1341,372,1
673,2213,372,1
684,1164,796,1
618,2360,372,1
619,2361,372,1
623,2352,372,1
628,661,372,1
632,2382,372,1
646,2403,372,1
647,2406,372,1
648,2410,45,1
652,2229,176,1
656,2421,372,1
658,2208,5282,1
662,2463,372,1
667,1852,372,1
675,2437,372,1
676,2182,372,1
679,2249,372,1
620,2342,372,1
629,2359,796,1
638,2392,45,1
642,2400,372,1
644,2405,372,1
654,2379,372,1
655,2439,372,1
661,2458,372,1
663,578,8,1
674,2486,372,1
677,2247,372,1
683,2136,796,1
621,2343,372,1
625,2362,372,1
626,624,372,1
631,2381,372,1
659,2450,5282,1
670,1312,372,1
671,902,372,1
672,2446,176,1
685,1948,796,1
622,2350,372,1
627,660,372,1
637,2390,45,1
639,2396,45,1
641,2375,372,1
643,2322,8,1
645,2401,372,1
653,2368,2075,1
657,2404,372,1
680,2445,45,1
682,2507,796,1
686,2448,796,1
688,2515,372,1
689,2497,372,1
690,2490,372,1
691,2487,372,1
692,2522,2075,1
693,2522,372,1
694,2524,372,1
695,2533,45,1
696,2472,176,1
697,2528,372,1
698,2529,372,1
699,2530,372,1
700,2342,176,1
701,2533,6796,1
702,2570,45,1
703,2580,372,1
704,2578,372,1
705,2577,372,1
706,2089,796,1
707,2090,796,1
708,2538,796,1
709,2539,796,1
710,2570,796,1
711,2580,45,1
712,2548,796,1
713,2544,45,1
714,2592,372,1
715,2620,59,1
716,2621,45,1
717,2621,296,1
718,2404,296,1
719,2322,296,1
720,2639,5282,1
721,2604,796,1
722,2620,796,1
723,2626,796,1
724,2641,796,1
725,2628,2075,1
726,2603,372,1
727,2661,176,1
728,2661,2075,1
729,2681,796,1
730,2650,796,1
731,1734,796,1
732,2470,796,1
733,1199,796,1
734,2661,45,1
736,2688,45,1
737,2689,45,1
738,2689,176,1
739,2696,59,1
740,2662,796,1
741,2497,20,1
742,2699,796,1
743,1320,796,1
744,2644,796,1
745,2706,45,1
746,1631,2075,1
747,1212,372,1
748,1292,372,1
749,1291,372,1
750,1289,372,1
751,1290,372,1
753,2724,372,1
754,2110,372,1
755,2732,45,1
756,2739,176,1
757,2738,796,1
758,2555,796,1
759,2739,796,1
760,2638,1334,1
761,2731,8,1
762,2767,296,1
763,2497,45,1
764,2497,8004,1
765,2767,59,1
766,2767,176,1
770,2795,45,1
771,2727,372,1
772,2725,372,1
773,2726,372,1
774,2249,176,1
775,2781,8399,1
776,2794,296,1
777,2807,296,1
778,2773,296,1
779,2379,7,1
780,2640,7,1
781,2742,7,1
782,2743,7,1
854,2339,296,3
855,2314,296,3
889,2582,296,3
890,2581,296,3
891,2576,296,3
892,2561,296,3
893,2562,296,3
894,2563,296,3
895,2557,296,3
896,2558,296,3
897,2556,296,3
898,2552,296,3
899,2845,2075,1
900,2802,20,1
901,2385,796,1
902,2845,796,1
903,2847,796,1
904,2778,796,1
905,2634,796,1
906,2299,796,1
907,2305,796,1
908,2837,372,1
910,2728,372,1
913,2855,372,1
915,2853,372,1
918,2653,372,1
919,2865,45,1
920,2867,372,1
923,2865,372,1
926,2862,372,1
927,2860,372,1
928,2796,372,1
929,2409,372,1
930,2408,372,1
931,2866,372,1
932,2863,372,1
933,2869,372,1
934,1244,372,1
935,2872,372,1
936,2868,372,1
937,2876,45,1
938,2877,59,1
939,2880,296,1
940,2878,45,1
941,1833,45,1
942,2873,5122,1
943,2875,5122,1
944,2882,5122,1
945,2882,5282,1
946,2875,5282,1
947,2873,5282,1
948,2872,5282,1
949,2868,5282,1
950,2867,5282,1
951,2865,5282,1
952,2884,45,1
953,2594,296,3
954,2278,296,3
955,2883,296,1
956,2794,45,1
957,2767,45,1
958,2878,296,1
959,2882,296,1
960,2859,821,1
961,2858,821,1
962,2877,796,1
963,2879,796,1
964,2884,796,1
965,2890,796,1
966,2886,796,1
967,2908,372,1
969,2858,372,1
970,2859,372,1
971,2894,372,1
972,2861,372,1
973,2909,372,1
974,2906,796,1
975,2893,796,1
976,2881,796,1
977,2886,372,1
978,2884,372,1
979,2913,45,3
981,2507,45,1
982,2862,8,1
983,2876,8,1
984,2878,8,1
985,2882,8,1
986,2923,8,1
987,2923,45,1
988,2923,13,1
989,2923,372,1
990,2900,372,1
991,2576,8,3
992,2562,8,3
993,2558,8,3
994,2561,8,3
995,2581,8,3
996,2582,8,3
1000,2576,1451,3
1001,2942,45,1
1002,1295,8,1
1003,2943,176,1
1004,2880,20,1
1005,2967,176,1
1006,1630,372,1
1007,1676,372,1
1009,2983,372,1
1010,2985,372,1
1011,2991,45,1
1012,2984,45,1
1013,2978,45,1
1014,2993,2075,1
1015,2995,296,1
1016,2968,796,1
1019,2995,796,1
1020,3007,796,1
1021,2221,296,3
1024,2995,176,1
1025,3013,45,1
1027,2153,372,3
1028,2147,372,3
1029,3005,372,1
1030,3001,372,1
1031,2994,372,1
1032,2747,372,1
1041,3005,176,1
1033,3010,372,1
1037,1137,372,1
1040,3010,176,1
1044,3021,2075,1
1058,3068,2075,1
1060,3078,2075,1
1070,130,8,3
1072,3084,2075,1
1076,1987,176,1
1079,3102,372,1
1034,3013,372,1
1036,2907,372,1
1046,1268,45,1
1047,3045,2075,1
1048,3052,45,1
1056,3033,2075,1
1059,3076,372,1
1061,795,372,1
1066,2938,8,1
1074,3058,2075,1
1077,3101,372,1
1082,3111,372,1
1088,2556,2058,3
1035,3008,372,1
1042,2985,2075,1
1050,1371,45,1
1062,796,372,1
1064,3072,2075,1
1067,2863,8,1
1068,2409,8,1
1069,2408,8,1
1071,112,8,3
1075,1480,176,1
1080,3103,372,1
1084,3113,372,1
1085,3103,176,1
1086,2594,2058,3
1087,2580,2058,1
1039,1466,85,1
1043,3021,85,1
1045,3037,45,1
1049,3057,45,1
1051,3071,45,1
1052,3009,85,1
1053,3066,59,1
1078,3031,372,1
1083,3112,372,1
1054,3067,8,1
1057,3035,2075,1
1065,2932,8,1
1081,3105,372,1
1089,3104,2058,1
1090,3132,2058,1
1091,3036,2058,1
1092,3100,2058,1
1093,1718,2058,1
1094,3143,59,1
1095,1276,20,1
1096,2278,2058,3
1097,1268,372,1
1098,695,372,1
1099,1322,372,1
1101,1326,372,1
1102,1325,372,1
1103,3053,372,1
1104,3100,2075,1
1105,3133,372,1
1106,3127,372,1
1107,3123,372,1
1108,3155,372,1
1109,3157,372,1
1110,3158,372,1
1111,3125,372,1
1112,163,372,1
1114,3107,372,1
1115,3126,45,1
1116,3124,45,1
1117,3125,45,1
1118,2409,45,1
1119,2408,45,1
1120,2796,45,1
1122,2860,45,1
1123,2862,45,1
1124,2863,45,1
1125,2938,45,1
1126,3053,45,1
1127,3166,45,1
1128,3165,45,1
1129,3076,45,1
1130,3148,139,1
1131,3177,45,1
1132,3176,45,1
1133,3175,45,1
1134,3174,45,1
1135,3169,45,1
1136,3182,296,1
1137,3186,372,1
1138,3182,372,1
1139,3172,372,1
1140,3171,372,1
1141,3170,372,1
1142,3188,372,1
1143,3190,372,1
1144,3191,372,1
1145,3192,372,1
1146,3193,372,1
1147,3187,372,1
1148,3196,372,1
1149,3197,372,1
1150,3199,372,1
1151,3195,372,1
1152,3189,372,1
1154,3202,296,1
1155,3200,372,1
1156,3201,372,1
1157,3202,372,1
1158,3204,372,1
1159,3205,372,1
1161,3207,372,1
1162,3208,372,1
1163,3209,372,1
1164,3210,372,1
1165,3211,372,1
1166,3213,372,1
1167,3032,372,1
1168,3034,372,1
1169,3206,59,1
1171,3202,45,1
1172,1657,45,1
1173,3170,176,1
1174,3196,176,1
1175,3202,176,1
1176,3206,176,1
1177,3209,176,1
1178,1553,59,1
1180,3243,296,1
1181,3236,2075,1
1182,3120,2075,1
1183,3223,176,1
1184,3269,2058,1
1185,3269,45,1
1186,3274,2058,1
1187,3279,2058,1
1188,3301,2058,1
1189,623,372,1
1190,1195,372,1
1191,3312,45,1
1192,1195,45,1
1194,3315,372,1
1195,2221,85,3
1196,3321,296,1
1199,3323,45,1
1200,3323,2075,1
1201,3303,2075,1
1202,2222,372,1
1203,3236,372,1
1204,3305,372,1
1205,3323,372,1
1206,3326,372,1
1207,3317,372,1
1208,2717,372,1
1209,2851,372,1
1210,3327,372,1
1211,626,372,1
1212,1143,372,1
1213,3329,372,1
1214,3332,372,1
1215,628,372,1
1216,395,372,1
1217,392,372,1
1218,711,372,1
1219,3333,372,1
1220,3332,296,1
1221,2649,372,1
1222,2648,372,1
1223,3002,372,1
1224,2998,372,1
1225,2991,372,1
1227,3265,372,1
1229,3243,372,1
1234,3249,45,1
1275,993,372,1
1279,2221,372,3
1289,3442,45,1
1294,3070,59,1
1299,3002,796,1
1303,3174,796,1
1310,3423,796,1
1312,2698,796,1
1315,2779,796,1
1320,3184,796,1
1324,2949,796,1
1334,3383,796,1
1338,3484,45,1
1345,3244,796,1
1347,3491,796,1
1350,3100,796,1
1355,3082,372,1
1367,3521,796,1
1369,3227,796,1
1370,3373,796,1
1372,3393,796,1
1226,3011,372,1
1228,3206,372,1
1230,3246,372,1
1231,1177,45,1
1232,3080,45,1
1233,3081,45,1
1235,2581,1451,3
1236,2582,1451,3
1237,3085,176,1
1238,3334,372,1
1240,3354,372,1
1241,3381,372,1
1242,3378,372,1
1243,3383,372,1
1244,3382,372,1
1245,3383,296,1
1246,3382,296,1
1247,3378,296,1
1248,3383,45,1
1249,3379,45,1
1250,3382,2075,1
1251,3383,2075,1
1252,3378,2075,1
1253,3389,296,1
1254,164,45,1
1256,3392,372,1
1257,3410,45,1
1258,3411,45,1
1259,3412,372,1
1262,3350,372,1
1263,3411,296,1
1264,3422,372,1
1265,3421,372,1
1266,3414,372,1
1267,3415,372,1
1268,3435,372,1
1269,3434,372,1
1270,3432,372,1
1271,815,372,1
1272,849,372,1
1273,850,372,1
1274,901,372,1
1276,1011,372,1
1277,1010,372,1
1278,1014,372,1
1280,691,372,1
1283,1757,372,1
1284,3437,372,1
1285,3430,2075,1
1286,3412,2075,1
1287,3441,2075,1
1288,3359,2075,1
1290,3431,45,1
1291,3372,45,1
1292,1984,45,1
1293,1986,45,1
1295,2707,796,1
1296,3451,796,1
1297,3462,796,1
1298,3448,796,1
1300,2998,796,1
1301,3011,796,1
1302,3169,796,1
1304,3175,796,1
1305,3177,796,1
1306,3178,796,1
1307,3179,796,1
1308,3311,796,1
1309,3352,796,1
1311,3424,796,1
1313,3297,796,1
1314,2914,796,1
1316,3109,796,1
1317,1107,796,1
1318,1109,796,1
1319,3108,796,1
1321,3389,796,1
1322,3398,796,1
1323,2842,796,1
1325,2929,796,1
1326,2465,796,1
1327,2527,796,1
1328,2857,796,1
1329,2656,796,1
1330,3400,796,1
1331,3348,796,1
1332,3299,796,1
1333,3110,796,1
1335,3319,796,1
1336,3472,372,1
1337,3468,372,1
1340,3263,372,1
1341,3495,85,1
1342,3300,796,1
1343,3034,796,1
1344,3032,796,1
1346,3492,796,1
1351,3398,2075,1
1352,2153,85,3
1356,3233,372,1
1359,1046,796,1
1360,3513,45,1
1361,3520,296,1
1363,3406,796,1
1364,3150,796,1
1365,3432,796,1
1366,3505,2058,1
1368,3545,796,1
1371,3395,796,1
1373,3517,796,1
1374,3376,796,1
1375,3541,372,1
1376,3520,372,1
1377,3522,372,1
1378,3523,372,1
1379,3524,372,1
1380,3525,372,1
1381,3526,372,1
1382,3528,372,1
1383,3531,372,1
1384,3539,372,1
1385,3549,372,1
1388,3418,372,1
1389,3445,372,1
1390,3446,372,1
1392,3447,372,1
1393,3448,372,1
1394,3462,372,1
1400,3559,296,1
1403,3544,372,1
1409,1273,372,1
1410,3512,372,1
1421,3568,2058,1
1422,3486,2058,1
1423,3613,296,1
1433,3613,2058,1
1435,3670,2075,1
1443,3678,372,1
1451,1826,372,1
1460,3665,372,1
1463,3570,2058,1
1466,3677,796,1
1468,3490,796,1
1473,3669,296,1
1480,3669,372,1
1482,3703,2075,1
1509,3728,372,1
1511,3710,2075,1
1515,3738,372,1
1525,3083,296,1
1395,3549,176,1
1396,3553,176,1
1397,3555,372,1
1402,3543,372,1
1408,1288,372,1
1412,2911,372,1
1418,2160,372,1
1419,1414,372,1
1428,3608,2075,1
1398,3518,372,1
1399,3553,45,1
1416,2357,372,1
1426,3641,45,1
1401,3469,2075,1
1404,3542,372,1
1411,3153,372,1
1413,2447,372,1
1420,643,372,1
1427,2377,2058,1
1432,3646,45,1
1439,3682,296,1
1442,3515,372,1
1449,3689,372,1
1450,1825,372,1
1455,1833,372,1
1459,3453,372,1
1469,3698,2075,1
1475,3703,45,1
1478,3712,45,1
1481,3657,372,1
1484,3713,2075,1
1485,3713,45,1
1487,3577,8,1
1492,2988,796,1
1506,3555,796,1
1513,3436,372,1
1514,3739,372,1
1527,3381,296,1
1530,3749,372,1
1531,3752,372,1
1407,2148,372,1
1415,2223,372,1
1429,3367,2058,1
1430,3404,2058,1
1431,3567,2058,1
1436,3661,2075,1
1437,3608,45,1
1438,3681,296,1
1441,3557,372,1
1444,3680,372,1
1445,3681,372,1
1446,3682,372,1
1447,3687,372,1
1448,3677,372,1
1452,1827,372,1
1453,1830,372,1
1454,1832,372,1
1458,3454,372,1
1462,3691,45,1
1464,3214,796,1
1465,3669,796,1
1467,3689,796,1
1470,2221,1451,3
1471,3681,176,1
1472,3698,45,1
1474,3704,45,1
1476,3710,296,1
1477,3710,45,1
1479,3688,372,1
1483,3705,2075,1
1486,2698,2075,1
1488,3692,796,1
1489,3719,796,1
1490,3710,796,1
1491,3712,796,1
1493,2989,796,1
1494,3567,796,1
1500,3687,296,1
1512,3712,2075,1
1519,3736,5282,3
1520,2172,372,1
1521,3743,796,1
1522,3737,796,1
1523,3381,796,1
1524,3744,372,1
1526,3742,296,1
1528,3747,372,1
1529,3750,372,1
1532,3649,372,1
1533,3651,372,1
1534,3085,372,1
1535,3563,372,1
1536,2845,372,1
1537,3752,796,1
1538,3706,796,1
1539,3744,45,1
1540,3655,45,1
1541,3475,45,1
1542,3659,45,1
1543,3759,796,1
1544,3655,796,1
1545,3759,296,1
1546,362,2075,1
1547,3753,2075,1
1548,1060,2058,1
1549,3748,372,1
1553,3736,2283,3
1559,3766,296,3
1560,3728,2075,1
1561,3722,2075,1
1562,3118,2075,1
1563,385,2075,1
1564,3767,796,1
1565,3532,372,1
1566,3150,372,1
1567,3149,372,1
1568,3763,45,1
1569,3736,45,1
1570,3642,45,1
1571,3720,59,1
1572,3459,59,1
1573,3766,5282,3
1575,3776,796,1
1576,3227,2058,1
1577,3431,2075,1
1578,3104,2075,1
1579,3778,2075,1
1580,3804,45,1
1582,3019,372,1
1583,3017,372,1
1584,3804,296,1
1585,3814,59,1
1586,3804,2075,1
1587,3821,372,1
1588,3821,2075,1
1589,3822,372,1
1590,3567,372,1
1591,3827,372,1
1592,3828,372,1
1593,3829,372,1
1594,3826,372,1
1595,3824,372,1
1596,3830,372,1
1597,3832,372,1
1598,3413,372,1
1599,3449,372,1
1600,3833,796,1
1601,1060,176,1
1602,2506,796,1
1603,3779,796,1
1604,3831,796,1
1606,3771,796,1
1607,3686,796,1
1609,3833,2075,1
1610,3330,45,1
1611,3534,2075,1
1612,3808,796,1
1613,1507,796,1
1614,3844,296,1
1615,3806,796,1
1616,3805,796,1
1617,3119,796,1
1618,3845,176,1
1619,3699,232,1
1620,3846,232,1
1621,3849,85,1
1623,3857,296,1
1624,3849,296,1
1625,3857,45,1
1626,3583,2058,1
1627,3861,296,1
1639,3895,372,1
1644,3895,45,1
1646,3896,45,1
1648,3662,2075,1
1649,3816,176,1
1659,3923,372,1
1664,3892,372,1
1666,3936,796,1
1669,2843,372,1
1679,3951,2075,1
1681,3076,796,1
1683,3964,296,1
1629,3844,372,1
1632,2494,45,1
1643,3662,796,1
1650,3919,45,1
1656,3919,796,1
1658,3889,796,1
1670,3652,372,1
1672,3266,2075,1
1676,3808,45,1
1685,3794,372,1
1631,1016,59,1
1635,3866,372,1
1642,3898,796,1
1647,3897,2075,1
1652,3929,296,1
1653,3926,796,1
1660,3259,372,1
1662,3935,372,1
1665,3935,796,1
1668,1986,372,1
1671,3943,2075,1
1673,3947,2075,1
1686,3856,372,1
1633,3863,2075,1
1636,3867,372,1
1637,3848,372,1
1638,3896,372,1
1640,1324,372,1
1641,3897,372,1
1655,3931,796,1
1657,3925,796,1
1661,3935,296,1
1663,3893,372,1
1675,3943,45,1
1677,3833,45,1
1682,3958,796,1
1645,3897,45,1
1651,3929,45,1
1667,3939,372,1
1674,3849,2075,1
1678,3798,372,1
1680,3948,2075,1
1684,3784,372,1
1687,3975,45,1
1688,3979,45,1
1689,3980,296,1
1690,3972,796,1
1692,3468,796,1
1693,3980,796,1
1695,3987,296,1
1696,3881,796,1
1697,3987,45,1
1698,3994,45,1
1699,3994,296,1
1700,3997,45,1
1701,3994,2075,1
1702,3801,20,1
1703,4005,45,1
1704,668,9701,1
1705,4008,45,1
1706,4009,176,1
1707,4022,59,1
1708,4026,45,1
1709,4030,296,1
1710,4013,796,1
1711,3899,796,1
1712,2909,2075,1
1713,4025,2075,1
1714,4041,176,1
1715,2147,85,3
1716,2016,296,1
1717,4078,176,1
1718,4083,45,1
1719,3923,7,1
1720,2919,7,1
1721,4082,2075,1
1722,3888,2075,1
1724,4093,176,1
1725,4093,45,1
1726,4087,372,1
1727,4047,372,1
1728,1480,372,1
1729,4100,45,1
1730,4078,9771,1
1731,4031,9771,1
1732,4113,372,1
1733,3998,372,1
1734,4091,372,1
1735,1371,372,1
1736,4107,296,3
1737,4108,296,3
1738,4109,296,3
1739,4112,296,3
1740,4114,176,1
1741,4113,176,1
1742,4091,296,1
1743,4112,45,1
1744,4107,8,3
1745,4108,8,3
1746,4110,8,3
1747,4111,8,3
1748,4113,45,1
1749,3918,45,1
1750,2907,2075,1
1751,4141,85,1
1753,4078,296,1
1754,4167,296,1
1755,4169,296,1
1756,4168,45,1
1757,4156,45,1
1758,4182,45,1
1759,4179,59,1
1760,4183,176,1
1761,3492,176,1
1762,4183,296,1
1763,4179,296,1
1764,4156,296,1
1766,4198,45,1
1767,4161,45,1
1768,4199,45,1
1769,4196,8,1
1770,15,176,1
1772,4208,45,1
1773,4206,45,1
1774,4208,59,1
1775,4195,796,1
1776,4188,796,1
1777,4193,796,1
1778,4160,796,1
1779,4162,796,1
1780,3807,796,1
1781,4217,796,1
1782,4223,296,1
1784,4223,2075,1
1785,4238,176,1
1786,4240,45,1
1787,4223,45,1
1788,4241,85,1
1789,4245,296,1
1790,4244,176,1
1791,4249,59,1
1792,4251,2075,1
1793,4246,2075,1
1794,4216,796,1
1796,4284,176,1
1797,4287,59,1
1798,4289,59,1
1799,4286,45,1
1800,4311,372,1
1801,4313,372,1
1802,4317,372,1
1803,4316,372,1
1804,4320,372,1
1806,4319,372,1
1807,4318,372,1
1808,4322,372,1
1809,4321,372,1
1810,4325,372,1
1811,4326,372,1
1812,4324,372,1
1813,4327,372,1
1814,4337,296,1
1815,4330,59,1
1816,4325,176,1
1817,4336,372,1
1818,4335,372,1
1819,4337,372,1
1820,4333,372,1
1822,4322,296,1
1821,4332,372,1
1829,4357,176,1
1831,4351,45,1
1834,4365,45,1
1837,4365,2075,1
1841,4382,176,1
1823,4240,372,1
1827,4347,296,1
1832,4352,45,1
1835,4351,2075,1
1839,4385,45,1
1824,4286,372,1
1825,4286,2075,1
1840,4357,8,1
1826,4346,296,1
1830,4358,45,1
1833,4078,45,1
1842,4391,45,1
1828,4346,45,1
1836,4377,2075,1
1838,4356,296,1
1843,4365,296,1
1844,4389,2075,1
1845,4260,2075,1
1846,4259,2075,1
1848,4417,296,1
1849,4418,45,1
1850,4414,45,1
1851,4425,296,1
1852,4424,296,1
1853,4422,296,1
1854,4425,2075,1
1855,4425,45,1
1856,4195,9845,1
1857,4446,45,1
1858,4295,296,1
1859,4447,296,1
1860,4445,2075,1
1861,4456,45,1
1862,4455,2075,1
1863,2969,2075,1
1864,4474,372,1
1865,2422,372,1
1866,4485,45,1
1867,4471,45,1
1868,4469,45,1
1869,4489,176,1
1870,2494,176,1
1871,134,45,1
1872,4508,45,1
1873,4510,45,1
1875,4512,176,1
1876,4377,796,1
1877,4285,796,1
1879,4483,372,1
1881,4492,2075,1
1882,4518,296,1
1883,4518,372,1
1884,4529,45,1
1885,4529,9845,1
1886,4539,45,1
1887,4534,176,1
1888,4391,176,1
1889,4539,296,1
1890,4529,176,1
1891,4531,296,1
1892,4525,796,1
1893,4545,45,1
1894,3807,296,1
1895,4550,796,1
1896,4552,176,1
1898,4548,2075,1
1899,4555,9845,1
1900,4550,176,1
1901,4560,176,1
1902,4583,9845,1
1903,4576,85,1
1904,4586,796,1
1905,4590,796,1
1906,4158,796,1
1907,4095,796,1
1908,3701,796,1
1909,4357,59,1
1910,4584,2075,1
1911,4360,372,1
1912,4420,372,1
1913,4421,372,1
1914,3238,796,1
1915,4623,796,1
1916,4622,796,1
1917,4303,8,1
1918,4309,8,1
1919,4633,296,1
1920,4636,296,1
1921,4634,45,1
1922,4546,45,1
1923,4511,45,1
1924,2703,9845,1
1925,4197,2075,1
1926,4197,296,1
1927,4633,176,1
1928,4478,176,1
1930,4681,45,1
1931,4686,45,1
1932,4686,296,1
1933,4684,59,1
1934,4687,85,1
1935,4701,296,1
1936,4700,2075,1
1937,4700,9845,1
1938,4521,796,1
1939,4728,796,1
1940,4595,59,1
1941,4735,796,1
1942,4735,296,1
1943,4701,8,1
1944,4749,296,1
1945,4752,45,1
1947,4757,45,1
1948,4749,9845,1
1949,4701,9845,1
1950,3380,372,1
1951,4762,372,1
1952,4764,372,1
1954,4769,176,1
1955,4769,296,1
1956,4576,59,1
1957,4740,796,1
1958,4783,296,1
1959,4784,296,1
1961,4784,176,1
1962,4783,9845,1
1963,4770,45,1
1967,4766,59,1
1968,4788,45,1
1969,4800,296,1
1970,4799,296,1
1971,4795,796,1
1972,4689,796,1
1973,4801,796,1
1974,4807,176,1
1975,4807,296,1
1976,4806,296,1
1977,1556,372,1
1978,4800,372,1
1979,4811,372,1
1980,4796,372,1
1981,4799,372,1
1982,4798,372,1
1984,4812,296,1
1985,4813,296,1
1986,4810,296,1
1987,4818,296,1
1988,4801,59,1
1989,4834,176,1
1990,4835,176,1
1992,4837,372,1
1993,4831,372,1
1995,4834,372,1
1999,4784,372,1
2000,4783,372,1
2001,4787,372,1
2002,4785,372,1
2003,4770,372,1
2004,4799,796,1
2006,4841,296,1
2007,4840,296,1
2008,4838,296,1
2009,4837,296,1
2010,4813,176,1
2011,4870,372,1
2012,4813,372,1
2013,4812,372,1
2015,4847,372,1
2016,4867,372,1
2017,4873,296,1
2018,4874,296,1
2019,4870,296,1
2020,4830,296,1
2022,4874,372,1
2023,4873,372,1
2024,4846,372,1
2025,4871,59,1
2026,4876,796,1
2027,4878,796,1
2028,4877,796,1
2029,4877,8,1
2030,4846,8,1
2031,4873,8,1
2032,4874,8,1
2033,4808,2075,1
2034,4888,9765,3
2035,4889,9845,1
2036,4827,2075,1
2037,4833,2075,1
2038,4887,2075,1
2039,4833,372,1
2040,4877,372,1
2046,4840,372,1
2047,4830,372,1
2049,4896,45,1
2050,4901,59,1
2051,4752,2075,1
2052,4757,2075,1
2053,3976,2075,1
2054,4892,9845,1
2055,4900,372,1
2056,4891,372,1
2057,4903,372,1
2058,4894,372,1
2059,4892,372,1
2060,4893,372,1
2061,4896,296,1
2062,1355,9845,1
2063,4927,296,1
2064,4932,372,1
2065,4918,372,1
2066,4925,372,1
2068,4927,372,1
2070,4926,372,1
2071,4925,102,1
2072,4925,296,1
2073,4941,59,1
2074,4821,7,1
2075,4888,7,3
2076,4949,176,1
2077,4951,296,1
2078,4954,296,1
2079,4962,796,1
2080,4961,796,1
2081,4960,796,1
2082,4965,296,1
2083,4965,796,1
2084,4966,796,1
2085,4969,796,1
2086,4968,796,1
2087,4970,45,1
2088,4976,45,1
2089,4975,296,1
2090,4980,59,1
2091,4972,796,1
2092,4985,796,1
2093,4988,796,1
2094,4992,296,1
2095,4955,2075,1
2096,4957,2075,1
2097,843,59,1
2098,1828,59,1
2099,5003,59,1
2100,5024,296,1
2101,2733,10001,1
2102,5036,45,1
2103,4575,45,1
2104,5044,8,1
2105,5041,796,1
2106,5042,796,1
2107,4670,796,1
2108,5049,2075,3
2109,5037,2075,1
2110,5057,45,1
2111,5063,296,1
2112,5057,796,1
2113,5053,85,1
2115,5065,45,1
2116,4758,45,1
2117,1970,372,1
2118,5072,45,1
2119,5073,45,1
2120,5076,296,1
2121,5077,296,1
2122,5073,296,1
2123,5106,372,1
2125,5079,372,1
2126,5122,296,1
2127,5126,176,1
2128,5119,176,1
2129,5128,296,1
2130,5144,45,1
2131,5146,45,1
2132,5176,59,1
2133,5199,2075,1
2134,5201,7,1
2135,5209,45,1
2136,5214,2075,1
2138,5236,372,1
2139,5107,372,1
2140,5128,372,1
2141,5214,372,1
2142,5239,7,3
2143,5234,7,3
2144,5236,45,1
2145,5245,2075,1
2148,4465,372,1
2149,3510,372,1
2150,1457,372,1
2151,1580,372,1
2152,1631,372,1
2154,4880,372,1
2155,4229,372,1
2156,4580,372,1
2157,4657,372,1
2158,5010,372,1
2159,4404,372,1
2160,4402,372,1
2161,707,372,1
2162,526,372,1
2163,855,372,1
2164,852,372,1
2165,851,372,1
2166,894,372,1
2167,3888,372,1
2168,2870,372,1
2169,2871,372,1
2170,3256,372,1
2171,2151,372,1
2172,2136,372,1
2173,1976,372,1
2174,5263,276,1
2175,5279,59,1
2176,5276,276,1
2177,4427,372,1
2178,5291,276,1
2180,5291,8,1
2181,5297,276,1
2183,5291,2075,1
2184,5297,296,1
2185,5307,276,1
2187,5297,372,1
2189,5313,372,1
2190,5314,372,1
2191,5305,372,1
2192,5298,372,1
2193,5306,372,1
2196,5077,372,1
2197,222,45,1
2198,5310,796,1
2199,5313,796,1
2200,5312,796,1
2201,5315,372,1
2203,5023,372,1
2204,5250,296,1
2205,5023,796,1
2206,5314,10074,1
2208,5308,372,1
2209,5310,372,1
2210,5312,372,1
2211,5291,45,1
2212,5356,372,1
2213,5357,372,1
2214,5310,85,1
2215,5303,7,1
2216,5276,821,1
2217,4772,2075,1
2218,5250,45,1
2219,5318,372,1
2220,5381,372,1
2221,5380,372,1
2222,5383,45,1
2223,5361,372,1
2224,5375,796,1
2225,5380,296,1
2226,5381,296,1
2227,5389,8935,1
2228,5389,372,1
2229,5369,59,1
2230,5391,45,1
2231,5393,296,1
2232,4074,45,1
2233,5392,45,1
2234,5393,7,1
2236,5397,372,1
2237,5390,372,1
2238,5395,372,1
2239,5394,372,1
2240,5401,45,1
2241,5401,372,1
2242,3132,45,1
2243,5402,296,1
2244,5403,296,1
2245,5401,296,1
2246,5408,8,1
2247,5392,796,1
2248,3444,296,1
2249,5416,296,1
2250,5414,296,1
2251,3132,176,1
2253,5412,45,1
2255,4463,372,1
2256,4464,372,1
2258,5431,372,1
2259,5430,372,1
2261,5253,372,1
2262,5254,372,1
2263,2358,372,1
2264,5299,296,1
2265,2659,372,1
2266,5451,9845,1
2267,5430,796,1
2268,5451,296,1
2269,5436,372,1
2270,5470,796,1
2271,3369,796,1
2272,3057,796,1
2273,5470,45,1
2274,5269,2075,1
2275,4091,2075,1
2277,5477,296,1
2278,5431,85,1
2281,5457,20,1
2285,5496,9845,1
2286,5515,45,1
2287,5517,296,1
2296,5557,45,1
2301,5551,296,1
2302,4264,45,1
2308,5565,2075,1
2283,5442,176,1
2288,5517,7,1
2289,5521,45,1
2298,3779,2075,1
2299,5573,176,1
2300,5429,176,1
2304,5585,45,1
2306,5531,296,1
2310,5597,8,1
2282,5150,20,1
2291,5537,45,1
2292,5536,45,1
2294,5542,796,1
2295,5551,176,1
2297,3831,2075,1
2303,5565,45,1
2305,5587,45,1
2307,5597,2075,1
2309,5317,372,1
2311,5561,59,1
2312,5562,59,1
2313,5526,796,1
2314,5617,796,1
2315,5463,796,1
2316,5458,796,1
2317,5656,176,1
2318,5640,7,1
2319,5642,7,1
2320,5638,7,1
2321,5637,7,1
2322,5302,59,1
2323,5748,296,1
2324,5510,296,1
2325,5744,296,1
2326,5745,296,1
2327,5746,296,1
2328,5460,296,1
2329,5747,296,1
2330,5509,296,1
2331,5733,296,1
2332,5634,59,1
2333,5756,296,1
2334,5679,2075,1
2335,5678,2075,1
2336,5564,2075,1
2337,5686,59,1
2338,5782,296,1
2339,5781,296,1
2340,5782,2075,1
2341,5685,2075,1
2342,5686,2075,1
2343,4506,2075,1
2344,5672,45,1
2345,5794,45,1
2346,5797,296,1
2347,5672,296,1
2348,5796,296,1
2350,5710,296,1
2351,5564,45,1
2352,5802,372,1
2353,5805,176,1
2354,5794,2075,1
2355,5797,1966,1
2357,5802,45,1
2359,5829,296,1
2360,5782,45,1
2361,5835,8,1
2362,5795,8,1
2363,5835,296,1
2364,1568,45,1
2365,5629,45,1
2366,5845,176,1
2367,5846,176,1
2368,5846,2075,1
2369,5848,276,1
2370,5851,176,1
2371,5854,45,1
2372,3215,372,1
2375,3234,372,1
2376,5038,372,1
2377,5036,372,1
2378,4623,372,1
2379,4396,372,1
2380,2977,372,1
2381,2978,372,1
2383,5876,2075,1
2384,2383,45,1
2385,5891,9845,1
2387,2383,2075,1
2388,1337,8,1
2389,5910,9845,1
2390,5902,9845,1
2391,5916,9845,1
2392,5917,372,1
2393,1379,372,1
2394,2441,372,1
2395,2440,372,1
2396,5410,372,1
2397,5411,372,1
2398,5392,372,1
2399,5844,372,1
2400,5893,796,1
2401,5917,276,1
2402,5891,2075,1
2403,5920,2075,1
2405,5927,45,1
2407,5652,372,1
2408,5832,372,1
2409,3450,372,1
2410,3560,372,1
2413,5929,372,1
2414,5933,372,1
2415,5934,372,1
2416,5932,372,1
2417,5932,9845,1
2419,5421,2075,1
2421,5807,372,1
2422,5126,372,1
2423,5833,372,1
2424,5651,372,1
2425,5901,9845,1
2426,5903,9845,1
2428,5891,372,1
2429,5915,372,1
2430,5926,372,1
2431,5888,372,1
2432,5889,372,1
2433,5890,372,1
2434,2383,372,1
2435,5938,372,1
2437,5710,372,1
2438,5709,372,1
2439,5941,372,1
2440,5942,372,1
2441,5949,372,1
2444,5946,372,1
2445,5948,372,1
2446,5943,372,1
2447,5950,372,1
2448,5953,372,1
2455,5945,372,1
2457,2981,372,1
2449,1573,372,1
2452,5966,372,1
2454,5947,372,1
2459,5940,276,1
2461,5795,372,1
2450,3361,372,1
2451,5915,2075,1
2458,5968,176,1
2456,5944,372,1
2460,5835,372,1
2462,5834,372,1
2463,5939,2075,1
2464,5706,2075,3
2465,5482,2075,3
2466,2163,796,1
2467,5954,796,1
2468,5974,296,1
2469,5975,9845,1
2470,5974,372,1
2471,5978,372,1
2472,5979,372,1
2473,5978,296,1
2474,5979,296,1
2475,5984,8,1
2476,5985,8,1
2477,5987,8,1
2478,5987,2075,1
2479,5942,9845,1
2480,6012,296,1
2481,6012,2075,1
2482,6016,2075,1
2484,6022,372,1
2485,6023,372,1
2487,6029,296,1
2488,6039,176,1
2489,4167,176,1
2490,4166,176,1
2491,6040,176,1
2492,5849,9845,1
2495,6046,372,1
2496,6047,372,1
2497,6044,372,1
2498,6034,2075,1
2499,6037,2075,1
2500,6039,2075,1
2501,6047,2075,1
2502,6046,2075,1
2503,4166,2075,1
2504,4170,2075,1
2505,6045,372,1
2507,6064,9845,1
2508,6026,2075,1
2509,6067,296,1
2510,6067,45,1
2511,6064,176,1
2512,5457,45,1
2513,6067,2075,1
2514,6068,2075,1
2516,1824,45,1
2518,5807,2075,1
2520,6083,176,1
2523,6065,372,1
2524,6084,9845,1
2525,6095,2075,1
2526,6094,2075,1
2528,6082,2075,1
2529,6092,2075,1
2530,6098,176,1
2531,4519,372,1
2532,4482,372,1
2533,6068,372,1
2534,6067,372,1
2535,6111,372,1
2536,6111,45,1
2537,5134,59,1
2538,3948,45,1
2539,6141,59,1
2541,6156,10232,1
2542,6162,8,1
2543,6154,296,1
2544,6177,45,1
2545,6179,296,1
2546,6182,296,1
2547,6182,45,1
2548,6043,372,1
2549,6030,372,1
2550,6027,372,1
2551,5073,176,1
2552,6213,9845,1
2553,5468,2075,1
2554,6247,296,1
2555,6246,296,1
2556,6244,2075,1
2557,6253,176,1
2558,6266,296,1
2559,6267,296,1
2560,6277,45,1
2561,6167,8,1
2562,6283,296,1
2563,6269,2075,1
2564,6281,2075,1
2565,6284,2075,1
2566,6316,296,1
2567,6339,296,1
2568,6339,59,1
2569,6358,45,1
2570,6339,2075,1
2573,1182,45,1
2574,6390,176,1
2575,6394,176,1
2576,6394,9845,1
2577,2720,9857,1
2578,5102,9857,1
2580,5931,2075,1
2581,6348,176,1
2582,6091,176,1
2583,5448,372,1
2584,5428,372,1
2585,6061,372,1
2586,6024,372,1
2587,6008,372,1
2588,6018,372,1
2589,6013,372,1
2590,6014,372,1
2591,6411,372,1
2592,6394,372,1
2594,6396,372,1
2595,5931,372,1
2596,5961,372,1
2597,5956,372,1
2598,5628,372,1
2599,5627,372,1
2600,4462,372,1
2601,5621,372,1
2602,6403,372,1
2603,5939,372,1
2604,6413,176,1
2605,6400,372,1
2606,6380,372,1
2607,6419,372,1
2608,6414,372,1
2609,6418,372,1
2611,6417,372,1
2610,6415,372,1
2612,6412,372,1
2616,6417,45,1
2615,6413,45,1
2617,6419,45,1
2618,6414,45,1
2619,6427,45,1
2620,6411,176,1
2621,6442,176,1
2622,6427,372,1
2623,6429,372,1
2625,6432,372,1
2626,6433,372,1
2627,6444,372,1
2628,6156,296,1
2630,6452,372,1
2631,3809,372,1
2632,3812,372,1
2633,3813,372,1
2634,3816,372,1
2635,3911,372,1
2636,4956,372,1
2637,5004,372,1
2638,5014,372,1
2639,6464,45,1
2640,6469,176,1
2642,6470,372,1
2643,6472,9845,1
2644,6472,45,1
2645,6470,45,1
2646,6479,20,1
2647,6352,986,1
2648,6352,2075,1
2650,6073,796,1
2651,6303,796,1
2652,6495,796,1
2653,6508,296,1
2654,6116,796,1
2655,6506,796,1
2656,6515,296,1
2657,6516,9845,1
2658,6519,796,1
2659,6517,796,1
2660,6518,176,1
2661,6117,372,1
2662,6141,372,1
2663,6112,372,1
2664,6281,372,1
2665,6520,372,1
2666,6518,372,1
2668,6491,372,1
2669,6497,372,1
2670,6499,372,1
2671,6504,372,1
2672,6532,796,1
2673,6532,45,1
2674,6540,45,1
2675,6053,372,1
2676,5272,372,1
2677,1731,372,1
2678,6508,372,1
2679,5525,372,1
2680,6548,176,1
2681,6550,176,1
2683,6549,176,1
2684,6553,176,1
2685,6554,372,1
2687,6546,372,1
2688,6536,59,1
2689,6463,372,1
2690,5481,372,1
2692,6563,372,1
2693,6563,176,1
2694,6573,45,1
2695,6572,45,1
2696,6575,372,1
2697,6573,372,1
2698,6578,372,1
2699,6580,372,1
2700,6584,45,1
2701,6592,176,1
2704,6591,372,1
2705,6590,372,1
2706,6594,176,1
2707,6600,45,1
2708,6592,372,1
2709,6595,9845,1
2710,6598,9845,1
2711,6591,9845,1
2712,6594,9845,1
2713,6600,9845,1
2714,6601,372,1
2715,6609,372,1
2716,6605,372,1
2717,6615,45,1
2718,6615,296,1
2719,6589,372,1
2721,6627,372,1
2724,6630,372,1
2725,6632,45,1
2726,6610,9845,1
2727,6611,9845,1
2728,6613,9845,1
2729,6594,20,1
2730,6600,20,1
2731,6635,9845,1
2732,6633,9845,1
2733,6636,9845,1
2734,6650,9845,1
2735,6627,296,1
2736,5930,45,1
2737,6660,176,1
2738,2696,372,1
2739,2695,372,1
2742,6559,372,1
2744,6549,372,1
2745,6659,372,1
2746,6656,2075,3
2749,6599,372,1
2750,6598,372,1
2751,6597,372,1
2752,6635,372,1
2754,6600,372,1
2755,6594,372,1
2756,6595,372,1
2757,6668,296,1
2758,6673,45,1
2759,6606,372,1
2760,6631,372,1
2761,6674,2075,1
2762,6685,9845,1
2763,6693,372,1
2764,6704,372,1
2765,6705,372,1
2766,6692,372,1
2771,4639,372,1
2773,4652,372,1
2777,4916,372,1
2794,6737,372,1
2797,6740,372,1
2801,6738,372,1
2803,44,372,1
2812,6764,59,1
2814,6783,372,1
2824,6820,296,1
2829,5629,176,1
2832,6832,372,1
2834,6838,372,1
2838,6848,45,1
2854,6859,372,1
2857,6851,372,1
2866,5886,45,1
2868,6912,176,1
2767,6582,59,1
2774,4687,372,1
2779,5826,372,1
2780,6180,372,1
2783,6743,59,1
2788,6760,45,1
2790,6761,372,1
2798,6760,372,1
2802,6739,372,1
2806,823,372,1
2809,6769,59,1
2810,6776,372,1
2819,6797,176,1
2822,6797,372,1
2835,6840,372,1
2844,6852,176,1
2845,6851,176,1
2851,6858,372,1
2856,6863,372,1
2768,6733,176,1
2769,5326,372,1
2770,4305,372,1
2772,4653,372,1
2775,4748,372,1
2781,6337,372,1
2784,6741,176,1
2787,6760,176,1
2805,3253,372,1
2808,6397,372,1
2823,6820,372,1
2825,6812,176,1
2831,6760,20,1
2833,6844,372,1
2836,6841,372,1
2837,6844,45,1
2848,6146,45,1
2849,6576,372,1
2850,6862,372,1
2861,6875,372,1
2863,6872,372,1
2865,6869,372,1
2776,5246,372,1
2778,5359,372,1
2782,3132,372,1
2785,4475,176,1
2786,6531,59,1
2793,6736,372,1
2799,6762,372,1
2800,6763,372,1
2804,1423,372,1
2813,6769,372,1
2816,6764,372,1
2817,6790,372,1
2818,6795,45,1
2820,6796,176,1
2826,6827,2075,1
2827,6630,2075,1
2846,6860,45,1
2852,6856,372,1
2853,6853,372,1
2855,6852,372,1
2859,6868,372,1
2860,6850,372,1
2862,6874,372,1
2867,6907,372,1
2869,6925,45,1
2870,5802,796,1
2872,6953,176,1
2873,6410,176,1
2874,6964,45,1
2875,6965,45,1
2876,6957,276,1
2877,6971,45,1
2878,5521,796,1
2879,3648,796,1
2880,6981,176,1
2881,6881,372,1
2882,6988,372,1
2883,6953,372,1
2884,6888,372,1
2885,6746,372,1
2886,6735,372,1
2887,7004,176,1
2888,6988,176,1
2889,6989,176,1
2890,6880,372,1
2892,4647,372,1
2893,4648,372,1
2894,4654,372,1
2895,4667,372,1
2896,4913,372,1
2898,2208,372,1
2899,2009,372,1
2901,6080,372,1
2902,6081,372,1
2903,7022,296,1
2904,7022,372,1
2905,6516,372,1
2906,6506,372,1
2907,6116,372,1
2908,5883,372,1
2909,6641,372,1
2911,6912,372,1
2912,6913,372,1
2913,6915,372,1
2915,6812,372,1
2916,4478,372,1
2917,7026,796,1
2918,7033,176,1
2919,7041,176,1
2920,7026,372,1
2922,6402,372,1
2923,6359,372,1
2924,6363,372,1
2925,6361,372,1
2927,6365,372,1
2928,7044,372,1
2929,7043,372,1
2930,7042,372,1
2931,7041,372,1
2932,6826,372,1
2934,6888,20,1
2935,7056,372,1
2936,5794,372,1
2937,7059,2075,3
2938,5857,372,1
2939,7008,372,1
2940,7009,372,1
2941,7006,372,1
2943,7067,176,1
2944,7008,176,1
2945,6732,372,1
2946,5940,372,1
2948,7084,45,1
2949,7113,372,1
2951,7066,372,1
2952,7088,372,1
2953,7091,372,1
2954,7093,372,1
2955,7102,372,1
2956,7104,372,1
2957,7007,2075,1
2958,6643,10799,1
2959,7125,372,1
2960,6466,372,1
2961,6467,372,1
2963,7015,372,1
2964,7014,372,1
2966,7143,372,1
2967,7065,372,1
2968,7144,372,1
2969,910,372,1
2970,966,372,1
2972,7137,9845,1
2973,5990,372,1
2974,5992,372,1
2975,7012,372,1
2976,6923,372,1
2977,6848,10880,1
2978,5568,10880,1
2979,7156,372,1
2980,7166,10799,1
2981,7162,10799,1
2982,7175,45,1
2983,5738,2075,1
2984,6730,372,1
2986,5820,372,1
2987,3804,372,1
2988,7188,176,1
2989,7189,176,1
2991,6668,372,1
2992,7211,372,1
2993,7212,372,1
2994,7209,372,1
2997,7221,45,1
2995,7205,372,1
2996,6825,372,1
2999,7223,10799,1
3000,7191,10799,1
3003,7234,176,1
3004,7212,45,1
3007,2278,2075,3
3011,7247,372,1
3016,7265,372,1
2998,7227,176,1
3001,7235,9845,1
3002,7235,176,1
3005,7211,45,1
3006,7258,2075,3
3009,7242,372,1
3013,7260,372,1
3010,5075,45,1
3012,7246,372,1
3014,5108,372,1
3017,7269,372,1
3019,1055,372,1
3020,803,372,1
3021,1075,372,1
3023,7286,372,1
3024,7297,372,1
3025,7298,372,1
3026,7283,2075,1
3027,7285,2075,1
3028,4588,372,1
3031,7266,372,1
3032,7311,45,1
3033,7279,10799,1
3034,7224,10799,1
3035,7222,10799,1
3036,7067,10799,1
3037,5573,10799,1
3038,5429,10799,1
3040,7279,20,1
3041,2153,45,1
3042,7319,20,1
3043,7323,45,1
3044,7311,176,1
3046,6935,7,1
3047,6936,7,1
3048,7082,2075,1
3049,7327,10162,1
3050,7215,372,1
3051,6962,372,1
3052,6963,372,1
3053,6958,372,1
3054,6410,372,1
3057,7340,372,1
3058,7351,372,1
3059,7345,372,1
3060,7346,372,1
3061,7362,2075,1
3062,7383,45,1
3063,7382,45,1
3064,7309,176,1
3065,7004,2075,1
3066,6735,2075,1
3067,6957,2075,1
3068,6961,2075,1
3069,6394,2075,1
3070,6072,2075,1
3071,6398,372,1
3072,7406,176,1
3074,7367,45,1
3075,7417,9845,1
3076,7430,45,1
3077,7368,45,1
3078,7438,10077,1
3079,7438,45,1
3080,7430,176,1
3081,7431,176,1
3082,7411,296,1
3083,7443,45,1
3084,7467,176,1
3085,7466,2075,1
3086,7476,45,1
3087,7477,45,1
3088,7488,10655,1
3089,6831,372,1
3090,7478,2075,1
3091,7489,2075,1
3092,7476,372,1
3093,7477,372,1
3098,7528,45,1
3099,7574,176,1
3100,7615,176,1
3101,7615,2075,1
3102,7628,372,1
3103,7668,296,1
3104,7671,176,1
3105,7671,45,1
3107,7667,9845,1
3109,7685,2075,1
3110,7693,296,1
3111,7695,9845,1
3112,7699,296,1
3113,7512,176,1
3114,7313,2075,1
3115,5952,372,1
3116,7489,296,1
3117,6693,1966,1
3118,7753,9845,1
3119,7769,45,1
3120,7770,45,1
3121,7770,2075,1
3122,7694,2075,1
3123,7409,372,1
3124,7773,372,1
3125,7774,372,1
3126,7780,296,1
3128,7244,372,1
3129,7245,372,1
3130,7637,59,1
3131,7795,8,1
3132,7804,9845,1
3133,7396,2075,1
3134,7806,45,1
3135,7813,45,1
3136,3901,372,1
3138,6885,372,1
3139,5133,372,1
3140,7832,372,1
3141,7833,372,1
3142,3570,372,1
3143,7813,372,1
3144,7814,372,1
3145,7861,59,1
3146,4649,9845,1
3147,7866,276,1
3148,7868,2075,1
3149,7868,296,1
3150,7866,296,1
3151,7870,372,1
3152,7871,372,1
3153,7870,176,1
3155,7872,45,1
3156,7871,45,1
3157,7874,372,1
3158,7872,372,1
3159,7886,45,1
3160,7882,372,1
3161,7854,176,1
3162,7887,372,1
3163,7922,372,1
3164,7927,45,1
3165,7898,372,1
3166,7930,10229,1
3168,7891,2075,3
3169,7944,45,1
3170,7940,372,1
3171,3511,372,1
3172,4862,372,1
3173,4887,372,1
3174,4883,372,1
3175,4884,372,1
3176,659,372,1
3181,4649,372,1
3182,4160,372,1
3183,7770,372,1
3184,7776,372,1
3185,7693,372,1
3186,7479,372,1
3187,7496,372,1
3188,8000,372,1
3189,8009,372,1
3191,7396,45,1
3192,8003,276,1
3197,8032,45,1
3198,8011,796,1
3199,8038,45,1
3200,8014,45,1
3201,8011,10077,1
3202,8057,372,1
3203,8080,10077,1
3204,8067,2075,3
3205,7854,2075,1
3206,8076,2075,1
3207,7989,9845,1
3208,7930,2075,1
3209,8121,45,1
3210,8150,176,1
3211,8172,176,1
3212,8171,45,1
